date,campaign_name,channel,impressions,clicks,cost,conversions,revenue
2026-03-10,Google Search - Brand,Google Search,23129,1758,2016.71,81,4983.85
2026-03-10,Google Search - NonBrand,Google Search,57381,1146,2722.7,23,3381.91
2026-03-10,Google - Performance Max,Performance Max,131600,1927,3081.81,43,5396.04
2026-03-10,YouTube - Brand Awareness,YouTube,271062,820,719.2,0,304.58
2026-03-10,YouTube - Prospecting,YouTube,91532,553,574.58,2,483.69
2026-03-10,Meta Ads - Prospecting,Meta,79102,983,1852.49,22,3222.96
2026-03-10,Meta Ads - Retargeting,Meta,18601,484,447.5,27,1376.86
2026-03-10,Meta - Lookalike 1%,Meta,45506,447,864.14,8,1135.9
2026-03-10,Bing Search - Brand,Bing,5697,337,311.12,13,730.3
2026-03-10,Bing Search - NonBrand,Bing,13436,209,375.34,3,349.49
2026-03-10,Google Search - Competitors,Google Search,22762,283,1342.4,2,713.83
2026-03-10,Meta Ads - Video Stories,Meta,40055,690,884.74,10,983.65
2026-03-11,Google Search - Brand,Google Search,22537,1824,2303.78,88,5508.8
2026-03-11,Google Search - NonBrand,Google Search,62204,1297,3370.6,24,4357.69
2026-03-11,Google - Performance Max,Performance Max,120319,1763,2565.94,40,4444.52
2026-03-11,YouTube - Brand Awareness,YouTube,311327,897,661.66,0,252.0
2026-03-11,YouTube - Prospecting,YouTube,103556,621,750.04,2,587.32
2026-03-11,Meta Ads - Prospecting,Meta,79584,986,1896.62,23,2996.78
2026-03-11,Meta Ads - Retargeting,Meta,18545,456,456.41,26,1554.47
2026-03-11,Meta - Lookalike 1%,Meta,50860,519,1023.98,8,1254.2
2026-03-11,Bing Search - Brand,Bing,6135,361,310.78,15,731.36
2026-03-11,Bing Search - NonBrand,Bing,15628,240,418.9,3,408.24
2026-03-11,Google Search - Competitors,Google Search,20020,243,1051.68,1,506.44
2026-03-11,Meta Ads - Video Stories,Meta,39948,739,1123.79,11,1349.2
2026-03-12,Google Search - Brand,Google Search,25198,2057,2414.81,102,6198.82
2026-03-12,Google Search - NonBrand,Google Search,56766,1157,3101.36,22,3964.26
2026-03-12,Google - Performance Max,Performance Max,112203,1623,2552.54,36,4981.62
2026-03-12,YouTube - Brand Awareness,YouTube,297765,913,672.08,0,284.9
2026-03-12,YouTube - Prospecting,YouTube,98632,589,605.84,3,484.96
2026-03-12,Meta Ads - Prospecting,Meta,76677,888,1645.91,20,2397.96
2026-03-12,Meta Ads - Retargeting,Meta,19901,472,441.09,29,1322.03
2026-03-12,Meta - Lookalike 1%,Meta,45618,461,908.3,8,1166.59
2026-03-12,Bing Search - Brand,Bing,6448,389,327.79,14,712.91
2026-03-12,Bing Search - NonBrand,Bing,15573,232,387.51,3,409.39
2026-03-12,Google Search - Competitors,Google Search,23275,270,1183.69,2,541.47
2026-03-12,Meta Ads - Video Stories,Meta,43054,733,1080.32,11,1247.01
2026-03-13,Google Search - Brand,Google Search,26780,2220,2557.68,101,5810.69
2026-03-13,Google Search - NonBrand,Google Search,56898,1169,3160.14,22,3792.0
2026-03-13,Google - Performance Max,Performance Max,131027,1962,3084.75,41,5799.26
2026-03-13,YouTube - Brand Awareness,YouTube,279975,850,676.3,0,275.27
2026-03-13,YouTube - Prospecting,YouTube,103031,604,669.27,2,495.75
2026-03-13,Meta Ads - Prospecting,Meta,77660,910,1728.7,20,3031.39
2026-03-13,Meta Ads - Retargeting,Meta,18296,448,403.52,25,1194.25
2026-03-13,Meta - Lookalike 1%,Meta,44823,441,870.79,7,965.38
2026-03-13,Bing Search - Brand,Bing,6465,388,373.97,14,898.32
2026-03-13,Bing Search - NonBrand,Bing,14122,203,396.42,2,373.56
2026-03-13,Google Search - Competitors,Google Search,19817,244,1034.4,2,495.0
2026-03-13,Meta Ads - Video Stories,Meta,45930,831,1225.51,12,1224.66
2026-03-14,Google Search - Brand,Google Search,16012,1323,1510.49,64,3424.16
2026-03-14,Google Search - NonBrand,Google Search,44276,921,2530.0,17,3473.2
2026-03-14,Google - Performance Max,Performance Max,88422,1262,1968.91,26,3705.16
2026-03-14,YouTube - Brand Awareness,YouTube,196081,610,492.88,0,197.56
2026-03-14,YouTube - Prospecting,YouTube,63470,389,397.0,1,325.94
2026-03-14,Meta Ads - Prospecting,Meta,47575,576,1133.19,15,1830.96
2026-03-14,Meta Ads - Retargeting,Meta,11288,294,298.08,18,983.0
2026-03-14,Meta - Lookalike 1%,Meta,35642,360,734.33,5,850.13
2026-03-14,Bing Search - Brand,Bing,4001,246,209.27,10,464.89
2026-03-14,Bing Search - NonBrand,Bing,8927,134,236.11,1,248.02
2026-03-14,Google Search - Competitors,Google Search,15657,196,828.0,1,441.69
2026-03-14,Meta Ads - Video Stories,Meta,28130,478,691.73,7,709.02
2026-03-15,Google Search - Brand,Google Search,18063,1373,1543.77,71,3521.06
2026-03-15,Google Search - NonBrand,Google Search,43313,839,2173.27,16,2701.4
2026-03-15,Google - Performance Max,Performance Max,81923,1282,2048.23,31,3520.68
2026-03-15,YouTube - Brand Awareness,YouTube,210220,619,522.4,0,206.69
2026-03-15,YouTube - Prospecting,YouTube,68988,419,439.89,2,325.32
2026-03-15,Meta Ads - Prospecting,Meta,48832,595,1121.44,15,1717.76
2026-03-15,Meta Ads - Retargeting,Meta,12480,296,279.88,19,935.09
2026-03-15,Meta - Lookalike 1%,Meta,32707,323,612.07,5,734.39
2026-03-15,Bing Search - Brand,Bing,3746,217,180.85,8,397.98
2026-03-15,Bing Search - NonBrand,Bing,9535,147,265.83,2,258.87
2026-03-15,Google Search - Competitors,Google Search,13840,172,721.22,1,356.56
2026-03-15,Meta Ads - Video Stories,Meta,28442,492,699.47,7,732.56
2026-03-16,Google Search - Brand,Google Search,25553,2139,2818.48,99,6565.68
2026-03-16,Google Search - NonBrand,Google Search,65367,1304,3128.15,26,3806.05
2026-03-16,Google - Performance Max,Performance Max,125588,1895,2878.75,37,4784.92
2026-03-16,YouTube - Brand Awareness,YouTube,307046,885,637.91,0,274.2
2026-03-16,YouTube - Prospecting,YouTube,97123,562,629.51,2,514.34
2026-03-16,Meta Ads - Prospecting,Meta,68843,784,1451.16,18,2134.93
2026-03-16,Meta Ads - Retargeting,Meta,18014,472,504.14,30,1683.51
2026-03-16,Meta - Lookalike 1%,Meta,45917,445,974.61,7,1087.95
2026-03-16,Bing Search - Brand,Bing,5730,358,333.57,14,714.28
2026-03-16,Bing Search - NonBrand,Bing,15145,237,427.73,3,405.62
2026-03-16,Google Search - Competitors,Google Search,21427,246,1076.75,2,518.64
2026-03-16,Meta Ads - Video Stories,Meta,44315,784,1052.05,12,1132.18
2026-03-17,Google Search - Brand,Google Search,25968,1985,2583.68,91,6212.72
2026-03-17,Google Search - NonBrand,Google Search,61762,1208,3047.22,25,4028.22
2026-03-17,Google - Performance Max,Performance Max,113967,1785,2866.88,36,5282.29
2026-03-17,YouTube - Brand Awareness,YouTube,332099,954,821.3,0,315.31
2026-03-17,YouTube - Prospecting,YouTube,106356,632,650.39,3,477.43
2026-03-17,Meta Ads - Prospecting,Meta,76732,959,1891.71,25,3148.32
2026-03-17,Meta Ads - Retargeting,Meta,17842,436,452.19,26,1485.54
2026-03-17,Meta - Lookalike 1%,Meta,54109,534,1171.31,9,1395.91
2026-03-17,Bing Search - Brand,Bing,6780,400,324.4,14,745.65
2026-03-17,Bing Search - NonBrand,Bing,15667,243,405.56,3,428.75
2026-03-17,Google Search - Competitors,Google Search,22796,283,1353.24,2,726.91
2026-03-17,Meta Ads - Video Stories,Meta,40485,709,967.66,11,1169.23
2026-03-18,Google Search - Brand,Google Search,24246,1946,2225.25,101,5412.55
2026-03-18,Google Search - NonBrand,Google Search,68070,1307,3351.97,25,4027.05
2026-03-18,Google - Performance Max,Performance Max,131512,1971,3038.47,43,5612.75
2026-03-18,YouTube - Brand Awareness,YouTube,328126,944,684.84,0,275.16
2026-03-18,YouTube - Prospecting,YouTube,103428,622,658.69,3,505.38
2026-03-18,Meta Ads - Prospecting,Meta,70788,879,1701.29,23,2611.53
2026-03-18,Meta Ads - Retargeting,Meta,18454,471,442.03,29,1325.99
2026-03-18,Meta - Lookalike 1%,Meta,47927,466,1009.91,8,1221.06
2026-03-18,Bing Search - Brand,Bing,6855,401,362.8,16,725.28
2026-03-18,Bing Search - NonBrand,Bing,14801,215,407.81,3,442.5
2026-03-18,Google Search - Competitors,Google Search,24494,283,1177.77,2,577.67
2026-03-18,Meta Ads - Video Stories,Meta,47484,808,1233.27,12,1399.31
2026-03-19,Google Search - Brand,Google Search,24509,1869,2294.17,92,5267.21
2026-03-19,Google Search - NonBrand,Google Search,60531,1163,2962.18,21,4139.97
2026-03-19,Google - Performance Max,Performance Max,118284,1779,2920.98,38,5456.29
2026-03-19,YouTube - Brand Awareness,YouTube,323420,988,773.62,1,286.74
2026-03-19,YouTube - Prospecting,YouTube,92085,578,632.09,2,492.6
2026-03-19,Meta Ads - Prospecting,Meta,83110,1022,1961.69,24,2964.06
2026-03-19,Meta Ads - Retargeting,Meta,19763,494,490.45,29,1467.63
2026-03-19,Meta - Lookalike 1%,Meta,51176,528,954.25,9,1254.55
2026-03-19,Bing Search - Brand,Bing,5921,351,289.04,12,586.35
2026-03-19,Bing Search - NonBrand,Bing,13998,204,338.08,3,362.51
2026-03-19,Google Search - Competitors,Google Search,24353,305,1250.82,2,645.77
2026-03-19,Meta Ads - Video Stories,Meta,43683,758,961.41,11,1027.26
2026-03-20,Google Search - Brand,Google Search,26060,2066,2513.54,93,6668.63
2026-03-20,Google Search - NonBrand,Google Search,58059,1188,2817.46,21,3479.85
2026-03-20,Google - Performance Max,Performance Max,131509,1938,2642.02,38,4560.57
2026-03-20,YouTube - Brand Awareness,YouTube,325590,1019,827.34,1,335.97
2026-03-20,YouTube - Prospecting,YouTube,110264,668,696.62,3,576.53
2026-03-20,Meta Ads - Prospecting,Meta,74570,875,1462.81,22,2566.0
2026-03-20,Meta Ads - Retargeting,Meta,18863,470,495.32,29,1737.64
2026-03-20,Meta - Lookalike 1%,Meta,54830,559,1094.5,10,1285.78
2026-03-20,Bing Search - Brand,Bing,6073,380,352.75,15,852.91
2026-03-20,Bing Search - NonBrand,Bing,13910,210,408.93,2,436.89
2026-03-20,Google Search - Competitors,Google Search,22354,276,1121.41,2,536.7
2026-03-20,Meta Ads - Video Stories,Meta,44715,790,1086.42,12,1213.47
2026-03-21,Google Search - Brand,Google Search,17740,1461,1840.4,76,5008.22
2026-03-21,Google Search - NonBrand,Google Search,46335,947,2563.07,18,3471.74
2026-03-21,Google - Performance Max,Performance Max,82613,1243,1719.37,29,3101.45
2026-03-21,YouTube - Brand Awareness,YouTube,229670,694,535.39,0,232.42
2026-03-21,YouTube - Prospecting,YouTube,69270,412,408.36,2,337.63
2026-03-21,Meta Ads - Prospecting,Meta,54599,678,1191.15,18,1922.48
2026-03-21,Meta Ads - Retargeting,Meta,13536,351,322.96,21,996.13
2026-03-21,Meta - Lookalike 1%,Meta,31362,311,658.29,5,846.17
2026-03-21,Bing Search - Brand,Bing,4615,276,232.7,11,474.31
2026-03-21,Bing Search - NonBrand,Bing,9259,137,231.8,2,221.75
2026-03-21,Google Search - Competitors,Google Search,14530,165,774.38,1,391.46
2026-03-21,Meta Ads - Video Stories,Meta,29010,473,642.97,6,652.12
2026-03-22,Google Search - Brand,Google Search,17780,1381,1658.62,65,3766.31
2026-03-22,Google Search - NonBrand,Google Search,44769,910,2459.47,17,2952.97
2026-03-22,Google - Performance Max,Performance Max,78805,1138,1572.31,26,2791.45
2026-03-22,YouTube - Brand Awareness,YouTube,194285,594,494.77,0,215.23
2026-03-22,YouTube - Prospecting,YouTube,61663,356,430.11,1,370.26
2026-03-22,Meta Ads - Prospecting,Meta,55733,679,1271.11,17,2070.72
2026-03-22,Meta Ads - Retargeting,Meta,12765,311,322.42,18,943.33
2026-03-22,Meta - Lookalike 1%,Meta,31575,309,654.61,6,775.52
2026-03-22,Bing Search - Brand,Bing,4197,261,228.22,10,512.92
2026-03-22,Bing Search - NonBrand,Bing,9612,146,285.34,2,288.83
2026-03-22,Google Search - Competitors,Google Search,15682,197,807.26,1,383.28
2026-03-22,Meta Ads - Video Stories,Meta,30888,545,808.35,8,930.59
2026-03-23,Google Search - Brand,Google Search,26363,2093,2522.06,102,6896.08
2026-03-23,Google Search - NonBrand,Google Search,64222,1312,3216.42,28,4205.92
2026-03-23,Google - Performance Max,Performance Max,134330,2053,3012.9,42,4912.85
2026-03-23,YouTube - Brand Awareness,YouTube,342475,987,840.52,1,316.46
2026-03-23,YouTube - Prospecting,YouTube,94109,564,591.75,2,473.35
2026-03-23,Meta Ads - Prospecting,Meta,82175,1026,1799.18,27,3017.81
2026-03-23,Meta Ads - Retargeting,Meta,19531,506,470.79,31,1371.66
2026-03-23,Meta - Lookalike 1%,Meta,51751,505,915.13,9,1148.98
2026-03-23,Bing Search - Brand,Bing,5889,347,298.18,13,712.43
2026-03-23,Bing Search - NonBrand,Bing,14776,223,416.09,3,425.33
2026-03-23,Google Search - Competitors,Google Search,25433,305,1323.7,2,653.09
2026-03-23,Meta Ads - Video Stories,Meta,44687,738,1000.4,11,1128.38
2026-03-24,Google Search - Brand,Google Search,25837,2038,2368.87,99,5839.99
2026-03-24,Google Search - NonBrand,Google Search,69295,1421,3319.54,30,4117.85
2026-03-24,Google - Performance Max,Performance Max,126934,1880,2823.83,40,4808.95
2026-03-24,YouTube - Brand Awareness,YouTube,307001,950,815.74,0,341.13
2026-03-24,YouTube - Prospecting,YouTube,102450,611,630.08,2,547.98
2026-03-24,Meta Ads - Prospecting,Meta,79566,915,1738.49,23,2710.0
2026-03-24,Meta Ads - Retargeting,Meta,17492,442,402.36,28,1213.42
2026-03-24,Meta - Lookalike 1%,Meta,50374,517,1058.97,10,1386.47
2026-03-24,Bing Search - Brand,Bing,6184,361,351.97,13,820.01
2026-03-24,Bing Search - NonBrand,Bing,15626,237,424.25,3,395.6
2026-03-24,Google Search - Competitors,Google Search,22057,268,1303.94,2,714.65
2026-03-24,Meta Ads - Video Stories,Meta,44640,761,1123.13,11,1141.2
2026-03-25,Google Search - Brand,Google Search,26575,2205,2892.32,118,7285.39
2026-03-25,Google Search - NonBrand,Google Search,70978,1402,3233.5,30,4239.41
2026-03-25,Google - Performance Max,Performance Max,134759,2055,3098.61,41,5123.3
2026-03-25,YouTube - Brand Awareness,YouTube,357236,1030,854.05,1,359.61
2026-03-25,YouTube - Prospecting,YouTube,98531,567,570.73,2,443.27
2026-03-25,Meta Ads - Prospecting,Meta,81924,946,1842.6,23,3003.85
2026-03-25,Meta Ads - Retargeting,Meta,20263,508,535.3,28,1684.05
2026-03-25,Meta - Lookalike 1%,Meta,48317,461,940.47,7,1221.62
2026-03-25,Bing Search - Brand,Bing,6645,417,339.53,15,819.48
2026-03-25,Bing Search - NonBrand,Bing,14890,234,460.19,3,417.7
2026-03-25,Google Search - Competitors,Google Search,22492,258,1268.76,2,627.26
2026-03-25,Meta Ads - Video Stories,Meta,49378,847,1245.17,13,1279.97
2026-03-26,Google Search - Brand,Google Search,28261,2302,2587.15,109,5960.38
2026-03-26,Google Search - NonBrand,Google Search,66629,1304,3230.68,25,4592.87
2026-03-26,Google - Performance Max,Performance Max,143296,2068,3125.99,48,5162.94
2026-03-26,YouTube - Brand Awareness,YouTube,355361,1113,862.11,1,369.18
2026-03-26,YouTube - Prospecting,YouTube,109749,648,784.01,3,615.47
2026-03-26,Meta Ads - Prospecting,Meta,78352,973,1818.11,23,2946.66
2026-03-26,Meta Ads - Retargeting,Meta,21007,512,523.13,29,1506.74
2026-03-26,Meta - Lookalike 1%,Meta,50098,495,999.54,8,1272.72
2026-03-26,Bing Search - Brand,Bing,6996,435,425.12,18,948.11
2026-03-26,Bing Search - NonBrand,Bing,16848,246,447.06,3,415.06
2026-03-26,Google Search - Competitors,Google Search,24717,309,1494.01,2,753.0
2026-03-26,Meta Ads - Video Stories,Meta,45396,755,1031.97,11,1219.81
2026-03-27,Google Search - Brand,Google Search,27199,2179,2811.6,101,6551.28
2026-03-27,Google Search - NonBrand,Google Search,59734,1139,2867.8,23,4010.97
2026-03-27,Google - Performance Max,Performance Max,139914,2072,2879.21,42,5005.98
2026-03-27,YouTube - Brand Awareness,YouTube,341147,1001,842.84,0,318.43
2026-03-27,YouTube - Prospecting,YouTube,110775,670,794.88,3,577.44
2026-03-27,Meta Ads - Prospecting,Meta,82618,1035,1792.76,26,3090.57
2026-03-27,Meta Ads - Retargeting,Meta,21562,515,548.4,28,1601.61
2026-03-27,Meta - Lookalike 1%,Meta,54966,554,1052.89,9,1180.94
2026-03-27,Bing Search - Brand,Bing,6273,386,324.87,15,644.72
2026-03-27,Bing Search - NonBrand,Bing,17268,251,448.91,3,455.94
2026-03-27,Google Search - Competitors,Google Search,22958,278,1171.47,2,595.35
2026-03-27,Meta Ads - Video Stories,Meta,44920,714,924.02,10,1065.2
2026-03-28,Google Search - Brand,Google Search,17944,1413,1658.64,65,4515.64
2026-03-28,Google Search - NonBrand,Google Search,46872,900,2446.49,16,3310.84
2026-03-28,Google - Performance Max,Performance Max,88004,1278,2009.0,30,3485.05
2026-03-28,YouTube - Brand Awareness,YouTube,206906,619,463.79,0,188.28
2026-03-28,YouTube - Prospecting,YouTube,67772,409,474.23,1,372.62
2026-03-28,Meta Ads - Prospecting,Meta,49607,569,965.94,15,1622.9
2026-03-28,Meta Ads - Retargeting,Meta,13427,326,354.37,20,1111.9
2026-03-28,Meta - Lookalike 1%,Meta,34335,351,694.88,6,821.4
2026-03-28,Bing Search - Brand,Bing,4180,249,202.36,10,466.67
2026-03-28,Bing Search - NonBrand,Bing,11023,167,287.01,2,299.69
2026-03-28,Google Search - Competitors,Google Search,15828,185,870.97,1,392.91
2026-03-28,Meta Ads - Video Stories,Meta,32491,536,789.0,8,910.92
2026-03-29,Google Search - Brand,Google Search,18046,1406,1731.7,71,4342.28
2026-03-29,Google Search - NonBrand,Google Search,45740,925,2522.82,17,3438.6
2026-03-29,Google - Performance Max,Performance Max,94118,1432,2073.65,29,3892.5
2026-03-29,YouTube - Brand Awareness,YouTube,241105,699,576.24,0,207.72
2026-03-29,YouTube - Prospecting,YouTube,67253,385,455.8,2,370.58
2026-03-29,Meta Ads - Prospecting,Meta,48709,568,1006.67,14,1551.41
2026-03-29,Meta Ads - Retargeting,Meta,12888,319,294.59,18,856.9
2026-03-29,Meta - Lookalike 1%,Meta,38879,407,758.06,7,947.95
2026-03-29,Bing Search - Brand,Bing,4591,267,231.8,10,498.97
2026-03-29,Bing Search - NonBrand,Bing,10666,160,303.46,2,292.83
2026-03-29,Google Search - Competitors,Google Search,16728,202,997.74,1,473.97
2026-03-29,Meta Ads - Video Stories,Meta,30578,497,642.55,6,697.58
2026-03-30,Google Search - Brand,Google Search,27005,2260,2566.5,123,5812.51
2026-03-30,Google Search - NonBrand,Google Search,60780,1178,2945.98,25,3607.66
2026-03-30,Google - Performance Max,Performance Max,145811,2140,3177.22,51,5825.09
2026-03-30,YouTube - Brand Awareness,YouTube,310818,936,757.7,0,302.18
2026-03-30,YouTube - Prospecting,YouTube,110583,691,718.11,3,580.17
2026-03-30,Meta Ads - Prospecting,Meta,87825,1051,2065.1,25,3613.0
2026-03-30,Meta Ads - Retargeting,Meta,20145,494,477.39,31,1545.98
2026-03-30,Meta - Lookalike 1%,Meta,52235,504,1065.85,8,1344.89
2026-03-30,Bing Search - Brand,Bing,7258,450,386.29,19,888.62
2026-03-30,Bing Search - NonBrand,Bing,16774,242,472.49,3,502.89
2026-03-30,Google Search - Competitors,Google Search,25797,320,1327.79,2,658.44
2026-03-30,Meta Ads - Video Stories,Meta,42341,723,1049.51,11,1186.45
2026-03-31,Google Search - Brand,Google Search,28814,2346,2967.63,112,7186.76
2026-03-31,Google Search - NonBrand,Google Search,72366,1508,3960.54,30,4914.99
2026-03-31,Google - Performance Max,Performance Max,139482,2085,2818.67,41,5119.18
2026-03-31,YouTube - Brand Awareness,YouTube,328096,991,729.89,1,267.3
2026-03-31,YouTube - Prospecting,YouTube,99738,614,691.59,2,602.15
2026-03-31,Meta Ads - Prospecting,Meta,87018,1067,1805.94,27,2684.91
2026-03-31,Meta Ads - Retargeting,Meta,20584,490,488.35,26,1644.52
2026-03-31,Meta - Lookalike 1%,Meta,55072,538,1152.9,8,1426.57
2026-03-31,Bing Search - Brand,Bing,6295,365,321.24,13,754.49
2026-03-31,Bing Search - NonBrand,Bing,14927,223,363.92,3,335.93
2026-03-31,Google Search - Competitors,Google Search,23784,279,1195.61,2,555.26
2026-03-31,Meta Ads - Video Stories,Meta,43014,682,1035.47,9,1228.27
2026-04-01,Google Search - Brand,Google Search,28166,2268,2473.45,105,5985.92
2026-04-01,Google Search - NonBrand,Google Search,69389,1354,3517.64,26,4425.23
2026-04-01,Google - Performance Max,Performance Max,124213,1909,2590.21,44,4564.19
2026-04-01,YouTube - Brand Awareness,YouTube,342182,1021,807.91,0,344.96
2026-04-01,YouTube - Prospecting,YouTube,115706,679,728.42,3,564.11
2026-04-01,Meta Ads - Prospecting,Meta,82793,964,1738.99,25,2815.45
2026-04-01,Meta Ads - Retargeting,Meta,22070,550,524.16,33,1629.73
2026-04-01,Meta - Lookalike 1%,Meta,57604,597,1239.98,10,1557.55
2026-04-01,Bing Search - Brand,Bing,6374,374,361.2,13,718.39
2026-04-01,Bing Search - NonBrand,Bing,14865,225,366.15,3,345.89
2026-04-01,Google Search - Competitors,Google Search,23269,266,1125.85,2,600.49
2026-04-01,Meta Ads - Video Stories,Meta,44445,708,981.47,9,1093.04
2026-04-02,Google Search - Brand,Google Search,27220,2157,2697.39,107,7168.56
2026-04-02,Google Search - NonBrand,Google Search,64466,1281,3222.27,27,3893.0
2026-04-02,Google - Performance Max,Performance Max,145158,2214,3463.1,53,6159.4
2026-04-02,YouTube - Brand Awareness,YouTube,310893,967,718.89,0,276.69
2026-04-02,YouTube - Prospecting,YouTube,108115,647,749.2,3,654.46
2026-04-02,Meta Ads - Prospecting,Meta,80461,1008,1694.83,24,2683.7
2026-04-02,Meta Ads - Retargeting,Meta,19591,473,487.66,25,1677.71
2026-04-02,Meta - Lookalike 1%,Meta,57052,550,1195.13,9,1543.88
2026-04-02,Bing Search - Brand,Bing,6756,392,385.45,15,849.1
2026-04-02,Bing Search - NonBrand,Bing,14953,216,382.12,2,354.79
2026-04-02,Google Search - Competitors,Google Search,21989,275,1327.68,2,723.81
2026-04-02,Meta Ads - Video Stories,Meta,52095,812,1107.33,11,1102.22
2026-04-03,Google Search - Brand,Google Search,29142,2329,3071.26,108,7985.82
2026-04-03,Google Search - NonBrand,Google Search,71689,1463,3808.61,27,4461.37
2026-04-03,Google - Performance Max,Performance Max,139267,2181,3576.34,47,7059.12
2026-04-03,YouTube - Brand Awareness,YouTube,310398,939,705.09,0,263.99
2026-04-03,YouTube - Prospecting,YouTube,111567,640,739.92,3,582.84
2026-04-03,Meta Ads - Prospecting,Meta,83187,955,1604.11,24,2813.23
2026-04-03,Meta Ads - Retargeting,Meta,19236,460,440.64,27,1449.62
2026-04-03,Meta - Lookalike 1%,Meta,49433,487,929.04,8,1141.74
2026-04-03,Bing Search - Brand,Bing,6521,400,388.86,15,774.57
2026-04-03,Bing Search - NonBrand,Bing,17146,250,467.33,3,449.75
2026-04-03,Google Search - Competitors,Google Search,22790,268,1300.95,1,713.92
2026-04-03,Meta Ads - Video Stories,Meta,49945,793,1218.39,12,1337.41
2026-04-04,Google Search - Brand,Google Search,16594,1358,1789.69,64,4693.09
2026-04-04,Google Search - NonBrand,Google Search,46475,885,2050.07,19,2748.08
2026-04-04,Google - Performance Max,Performance Max,89550,1309,2101.01,27,3660.83
2026-04-04,YouTube - Brand Awareness,YouTube,238419,697,558.29,0,207.25
2026-04-04,YouTube - Prospecting,YouTube,79254,476,499.29,2,372.87
2026-04-04,Meta Ads - Prospecting,Meta,58602,691,1171.77,15,1939.82
2026-04-04,Meta Ads - Retargeting,Meta,13787,350,333.95,20,979.67
2026-04-04,Meta - Lookalike 1%,Meta,33931,343,714.5,6,805.12
2026-04-04,Bing Search - Brand,Bing,4142,251,216.83,10,484.75
2026-04-04,Bing Search - NonBrand,Bing,10589,160,272.15,2,252.11
2026-04-04,Google Search - Competitors,Google Search,15749,182,881.29,1,409.33
2026-04-04,Meta Ads - Video Stories,Meta,34443,572,731.13,8,750.22
2026-04-05,Google Search - Brand,Google Search,17514,1430,1790.92,77,4886.69
2026-04-05,Google Search - NonBrand,Google Search,48965,1025,2401.41,21,3213.06
2026-04-05,Google - Performance Max,Performance Max,95551,1503,2476.13,35,4109.11
2026-04-05,YouTube - Brand Awareness,YouTube,210311,606,494.43,0,188.22
2026-04-05,YouTube - Prospecting,YouTube,66313,408,414.75,1,353.73
2026-04-05,Meta Ads - Prospecting,Meta,51739,605,1162.28,15,1790.99
2026-04-05,Meta Ads - Retargeting,Meta,13041,312,297.85,19,987.16
2026-04-05,Meta - Lookalike 1%,Meta,38131,395,832.95,6,947.16
2026-04-05,Bing Search - Brand,Bing,4242,256,211.66,10,464.89
2026-04-05,Bing Search - NonBrand,Bing,10796,163,302.39,2,274.56
2026-04-05,Google Search - Competitors,Google Search,17302,204,1006.58,1,511.66
2026-04-05,Meta Ads - Video Stories,Meta,31859,503,747.46,7,874.93
2026-04-06,Google Search - Brand,Google Search,27991,2142,2504.34,100,5809.35
2026-04-06,Google Search - NonBrand,Google Search,68072,1378,3557.24,26,4535.02
2026-04-06,Google - Performance Max,Performance Max,146360,2164,3465.17,42,6807.49
2026-04-06,YouTube - Brand Awareness,YouTube,363411,1076,819.68,1,305.56
2026-04-06,YouTube - Prospecting,YouTube,103994,649,780.37,2,643.57
2026-04-06,Meta Ads - Prospecting,Meta,83450,1006,1903.83,26,3134.75
2026-04-06,Meta Ads - Retargeting,Meta,22694,587,608.72,36,1761.38
2026-04-06,Meta - Lookalike 1%,Meta,50614,515,930.88,9,1156.03
2026-04-06,Bing Search - Brand,Bing,7401,422,414.67,18,975.59
2026-04-06,Bing Search - NonBrand,Bing,15600,236,413.85,3,445.36
2026-04-06,Google Search - Competitors,Google Search,26237,315,1360.29,2,665.96
2026-04-06,Meta Ads - Video Stories,Meta,51579,803,1146.18,13,1155.06
2026-04-07,Google Search - Brand,Google Search,29528,2462,2722.5,134,6346.96
2026-04-07,Google Search - NonBrand,Google Search,67863,1360,3487.46,28,4425.86
2026-04-07,Google - Performance Max,Performance Max,127030,1960,2994.81,42,5251.21
2026-04-07,YouTube - Brand Awareness,YouTube,361472,1083,949.11,0,357.52
2026-04-07,YouTube - Prospecting,YouTube,121249,740,783.51,3,649.39
2026-04-07,Meta Ads - Prospecting,Meta,86030,1008,1940.51,26,3064.84
2026-04-07,Meta Ads - Retargeting,Meta,22818,544,589.82,34,1909.05
2026-04-07,Meta - Lookalike 1%,Meta,60452,623,1219.02,12,1318.08
2026-04-07,Bing Search - Brand,Bing,6935,403,382.08,17,906.85
2026-04-07,Bing Search - NonBrand,Bing,17645,270,453.05,3,452.95
2026-04-07,Google Search - Competitors,Google Search,24428,280,1306.08,2,699.23
2026-04-07,Meta Ads - Video Stories,Meta,51646,813,1147.68,11,1319.01
2026-04-08,Google Search - Brand,Google Search,25191,2040,2584.31,105,6346.35
2026-04-08,Google Search - NonBrand,Google Search,69148,1334,3063.72,29,3755.91
2026-04-08,Google - Performance Max,Performance Max,152640,2341,3238.51,51,5408.4
2026-04-08,YouTube - Brand Awareness,YouTube,375878,1177,915.8,1,333.84
2026-04-08,YouTube - Prospecting,YouTube,118747,727,817.02,3,691.62
2026-04-08,Meta Ads - Prospecting,Meta,87532,1096,1943.69,26,3218.94
2026-04-08,Meta Ads - Retargeting,Meta,21129,506,492.44,28,1724.94
2026-04-08,Meta - Lookalike 1%,Meta,52956,543,1062.12,9,1280.4
2026-04-08,Bing Search - Brand,Bing,6396,368,358.49,13,723.62
2026-04-08,Bing Search - NonBrand,Bing,17843,268,452.86,4,478.48
2026-04-08,Google Search - Competitors,Google Search,24896,297,1255.16,2,624.81
2026-04-08,Meta Ads - Video Stories,Meta,46299,723,912.12,11,1040.19
2026-04-09,Google Search - Brand,Google Search,25556,2107,2539.74,99,6376.09
2026-04-09,Google Search - NonBrand,Google Search,67803,1338,3243.42,24,3959.01
2026-04-09,Google - Performance Max,Performance Max,144689,2200,3482.25,50,5849.74
2026-04-09,YouTube - Brand Awareness,YouTube,374380,1072,789.1,1,301.16
2026-04-09,YouTube - Prospecting,YouTube,116646,665,795.59,3,608.74
2026-04-09,Meta Ads - Prospecting,Meta,85686,1002,1880.98,23,376.2
2026-04-09,Meta Ads - Retargeting,Meta,23033,580,531.09,33,1749.72
2026-04-09,Meta - Lookalike 1%,Meta,56921,595,1178.51,11,1415.15
2026-04-09,Bing Search - Brand,Bing,6450,395,381.68,15,800.91
2026-04-09,Bing Search - NonBrand,Bing,17346,271,445.22,3,484.38
2026-04-09,Google Search - Competitors,Google Search,27149,328,1539.14,2,761.86
2026-04-09,Meta Ads - Video Stories,Meta,45177,675,957.25,11,1076.94
2026-04-10,Google Search - Brand,Google Search,25432,1982,2444.24,94,6379.86
2026-04-10,Google Search - NonBrand,Google Search,63774,1276,2965.46,26,4143.98
2026-04-10,Google - Performance Max,Performance Max,142787,2055,3363.25,48,6127.6
2026-04-10,YouTube - Brand Awareness,YouTube,349269,1035,792.97,1,333.63
2026-04-10,YouTube - Prospecting,YouTube,101792,620,702.84,2,596.42
2026-04-10,Meta Ads - Prospecting,Meta,92240,1115,2158.35,29,3532.34
2026-04-10,Meta Ads - Retargeting,Meta,20739,535,572.41,30,1704.4
2026-04-10,Meta - Lookalike 1%,Meta,59365,619,1358.91,11,1634.91
2026-04-10,Bing Search - Brand,Bing,6576,392,374.32,16,759.41
2026-04-10,Bing Search - NonBrand,Bing,16985,267,486.54,4,474.82
2026-04-10,Google Search - Competitors,Google Search,25038,307,1444.62,2,731.84
2026-04-10,Meta Ads - Video Stories,Meta,53059,820,1035.99,13,1097.85
2026-04-11,Google Search - Brand,Google Search,17788,1416,1666.11,75,4567.16
2026-04-11,Google Search - NonBrand,Google Search,46631,953,2308.72,19,2918.99
2026-04-11,Google - Performance Max,Performance Max,88912,1333,2007.65,28,3836.68
2026-04-11,YouTube - Brand Awareness,YouTube,234567,730,555.08,0,223.2
2026-04-11,YouTube - Prospecting,YouTube,76239,479,478.59,2,358.68
2026-04-11,Meta Ads - Prospecting,Meta,57067,672,1135.38,16,1777.61
2026-04-11,Meta Ads - Retargeting,Meta,13294,340,322.22,20,1065.08
2026-04-11,Meta - Lookalike 1%,Meta,41065,407,860.33,6,1100.64
2026-04-11,Bing Search - Brand,Bing,5163,317,305.67,13,607.36
2026-04-11,Bing Search - NonBrand,Bing,10676,160,307.92,2,282.94
2026-04-11,Google Search - Competitors,Google Search,18249,214,877.18,1,468.83
2026-04-11,Meta Ads - Video Stories,Meta,33443,526,768.26,7,816.04
2026-04-12,Google Search - Brand,Google Search,20649,1619,1822.52,80,4252.53
2026-04-12,Google Search - NonBrand,Google Search,44817,869,2007.06,17,2749.07
2026-04-12,Google - Performance Max,Performance Max,89705,1299,1766.24,30,3222.43
2026-04-12,YouTube - Brand Awareness,YouTube,215451,659,488.58,0,185.71
2026-04-12,YouTube - Prospecting,YouTube,70272,440,503.28,2,363.52
2026-04-12,Meta Ads - Prospecting,Meta,57207,712,1352.55,16,2156.77
2026-04-12,Meta Ads - Retargeting,Meta,15395,379,347.8,22,1027.37
2026-04-12,Meta - Lookalike 1%,Meta,34320,346,695.52,6,897.54
2026-04-12,Bing Search - Brand,Bing,4636,276,236.4,10,481.9
2026-04-12,Bing Search - NonBrand,Bing,12157,177,320.66,2,344.23
2026-04-12,Google Search - Competitors,Google Search,17333,198,969.76,1,444.08
2026-04-12,Meta Ads - Video Stories,Meta,32136,495,748.36,7,762.1
2026-04-13,Google Search - Brand,Google Search,28544,2267,2882.16,116,6641.71
2026-04-13,Google Search - NonBrand,Google Search,70064,1463,3313.12,29,4384.86
2026-04-13,Google - Performance Max,Performance Max,154161,2424,3506.94,54,6318.63
2026-04-13,YouTube - Brand Awareness,YouTube,356026,1038,765.7,1,285.1
2026-04-13,YouTube - Prospecting,YouTube,110639,696,758.36,3,599.98
2026-04-13,Meta Ads - Prospecting,Meta,89116,1066,2066.92,26,3472.32
2026-04-13,Meta Ads - Retargeting,Meta,20151,517,551.71,32,1614.44
2026-04-13,Meta - Lookalike 1%,Meta,61555,640,1190.07,10,1303.74
2026-04-13,Bing Search - Brand,Bing,6707,395,377.08,14,883.2
2026-04-13,Bing Search - NonBrand,Bing,18323,267,510.91,3,489.74
2026-04-13,Google Search - Competitors,Google Search,27753,338,1418.3,2,729.61
2026-04-13,Meta Ads - Video Stories,Meta,54456,853,1230.56,12,1351.0
2026-04-14,Google Search - Brand,Google Search,30522,2387,3009.89,119,7480.23
2026-04-14,Google Search - NonBrand,Google Search,67053,1289,2973.99,24,3728.02
2026-04-14,Google - Performance Max,Performance Max,153198,2193,3429.63,45,6294.86
2026-04-14,YouTube - Brand Awareness,YouTube,336727,994,789.93,0,328.44
2026-04-14,YouTube - Prospecting,YouTube,114822,666,768.14,3,590.37
2026-04-14,Meta Ads - Prospecting,Meta,87884,1072,2065.78,24,3306.37
2026-04-14,Meta Ads - Retargeting,Meta,21120,532,483.61,28,1702.23
2026-04-14,Meta - Lookalike 1%,Meta,58256,559,1062.54,9,1178.62
2026-04-14,Bing Search - Brand,Bing,7228,414,362.9,17,831.03
2026-04-14,Bing Search - NonBrand,Bing,18212,274,531.9,4,497.07
2026-04-14,Google Search - Competitors,Google Search,26395,309,1440.59,2,695.87
2026-04-14,Meta Ads - Video Stories,Meta,47605,727,931.08,10,969.99
2026-04-15,Google Search - Brand,Google Search,30291,2322,2988.57,107,6787.68
2026-04-15,Google Search - NonBrand,Google Search,75192,1511,3442.96,28,4066.89
2026-04-15,Google - Performance Max,Performance Max,144135,2118,2968.26,44,5272.76
2026-04-15,YouTube - Brand Awareness,YouTube,395949,1176,997.58,1,423.78
2026-04-15,YouTube - Prospecting,YouTube,109431,683,757.62,3,628.32
2026-04-15,Meta Ads - Prospecting,Meta,88216,1081,1769.73,25,2830.36
2026-04-15,Meta Ads - Retargeting,Meta,20567,518,516.51,30,1492.91
2026-04-15,Meta - Lookalike 1%,Meta,62334,652,1270.51,11,1463.72
2026-04-15,Bing Search - Brand,Bing,7468,467,409.19,17,930.77
2026-04-15,Bing Search - NonBrand,Bing,17238,264,449.05,3,416.42
2026-04-15,Google Search - Competitors,Google Search,26565,311,1270.47,2,690.39
2026-04-15,Meta Ads - Video Stories,Meta,47393,733,1069.81,10,1253.57
2026-04-16,Google Search - Brand,Google Search,29681,2277,2635.66,115,6652.32
2026-04-16,Google Search - NonBrand,Google Search,74854,1493,3820.95,32,4993.76
2026-04-16,Google - Performance Max,Performance Max,140877,2197,3579.1,51,6468.78
2026-04-16,YouTube - Brand Awareness,YouTube,394247,1176,861.84,1,347.48
2026-04-16,YouTube - Prospecting,YouTube,109468,649,731.2,3,582.16
2026-04-16,Meta Ads - Prospecting,Meta,80996,931,1636.6,21,2690.99
2026-04-16,Meta Ads - Retargeting,Meta,20488,529,502.9,30,1668.26
2026-04-16,Meta - Lookalike 1%,Meta,58670,593,1204.62,9,1572.74
2026-04-16,Bing Search - Brand,Bing,7670,443,408.91,17,944.99
2026-04-16,Bing Search - NonBrand,Bing,16860,263,431.31,3,465.23
2026-04-16,Google Search - Competitors,Google Search,27839,331,1424.68,2,649.76
2026-04-16,Meta Ads - Video Stories,Meta,50692,731,940.81,11,1061.91
2026-04-17,Google Search - Brand,Google Search,26806,2114,2629.54,114,6205.42
2026-04-17,Google Search - NonBrand,Google Search,69747,1460,3290.12,28,4026.05
2026-04-17,Google - Performance Max,Performance Max,130950,1954,2759.66,42,4603.1
2026-04-17,YouTube - Brand Awareness,YouTube,394869,1195,930.67,1,400.57
2026-04-17,YouTube - Prospecting,YouTube,124984,742,738.02,3,630.9
2026-04-17,Meta Ads - Prospecting,Meta,78827,971,1731.78,25,2949.27
2026-04-17,Meta Ads - Retargeting,Meta,23269,606,567.32,39,1849.23
2026-04-17,Meta - Lookalike 1%,Meta,56734,592,1176.13,11,1302.61
2026-04-17,Bing Search - Brand,Bing,6958,420,389.49,17,781.7
2026-04-17,Bing Search - NonBrand,Bing,15756,241,469.32,3,480.95
2026-04-17,Google Search - Competitors,Google Search,28295,335,1656.22,2,884.85
2026-04-17,Meta Ads - Video Stories,Meta,50918,757,955.19,10,1000.35
2026-04-18,Google Search - Brand,Google Search,20941,1685,1833.92,80,4536.79
2026-04-18,Google Search - NonBrand,Google Search,51106,973,2272.81,20,3080.99
2026-04-18,Google - Performance Max,Performance Max,103271,1474,2010.63,30,3497.23
2026-04-18,YouTube - Brand Awareness,YouTube,245314,719,539.51,0,232.96
2026-04-18,YouTube - Prospecting,YouTube,75755,464,540.3,2,473.29
2026-04-18,Meta Ads - Prospecting,Meta,57245,716,1215.79,16,1933.12
2026-04-18,Meta Ads - Retargeting,Meta,14533,362,351.73,22,1037.28
2026-04-18,Meta - Lookalike 1%,Meta,35309,345,717.11,6,847.28
2026-04-18,Bing Search - Brand,Bing,4751,292,272.25,12,633.79
2026-04-18,Bing Search - NonBrand,Bing,10982,168,288.86,2,275.4
2026-04-18,Google Search - Competitors,Google Search,17477,209,1030.03,1,530.3
2026-04-18,Meta Ads - Video Stories,Meta,31566,451,674.5,6,766.91
2026-04-19,Google Search - Brand,Google Search,21251,1684,1889.67,83,4992.68
2026-04-19,Google Search - NonBrand,Google Search,53170,1022,2475.15,22,3272.97
2026-04-19,Google - Performance Max,Performance Max,88615,1326,1938.15,26,3232.89
2026-04-19,YouTube - Brand Awareness,YouTube,246591,774,673.3,0,248.22
2026-04-19,YouTube - Prospecting,YouTube,81324,492,521.09,2,454.85
2026-04-19,Meta Ads - Prospecting,Meta,59518,716,1232.93,17,1815.31
2026-04-19,Meta Ads - Retargeting,Meta,14114,351,334.51,22,1041.45
2026-04-19,Meta - Lookalike 1%,Meta,41910,432,819.3,8,1057.6
2026-04-19,Bing Search - Brand,Bing,4845,278,271.47,11,550.51
2026-04-19,Bing Search - NonBrand,Bing,11370,177,342.92,2,338.28
2026-04-19,Google Search - Competitors,Google Search,17208,199,823.62,1,450.97
2026-04-19,Meta Ads - Video Stories,Meta,31723,477,629.25,7,674.72
2026-04-20,Google Search - Brand,Google Search,27124,2159,2518.94,110,6004.82
2026-04-20,Google Search - NonBrand,Google Search,72432,1505,3505.86,29,4198.67
2026-04-20,Google - Performance Max,Performance Max,158701,2291,3114.57,53,5610.32
2026-04-20,YouTube - Brand Awareness,YouTube,331678,1016,773.28,1,290.48
2026-04-20,YouTube - Prospecting,YouTube,122425,731,784.94,3,580.03
2026-04-20,Meta Ads - Prospecting,Meta,94413,1178,2088.67,28,3150.05
2026-04-20,Meta Ads - Retargeting,Meta,20179,505,500.52,27,1724.97
2026-04-20,Meta - Lookalike 1%,Meta,58491,558,1067.93,9,1231.2
2026-04-20,Bing Search - Brand,Bing,8034,484,418.81,19,933.08
2026-04-20,Bing Search - NonBrand,Bing,18639,282,493.76,4,532.79
2026-04-20,Google Search - Competitors,Google Search,23985,278,1312.06,2,609.65
2026-04-20,Meta Ads - Video Stories,Meta,54476,831,1134.37,11,1243.91
2026-04-21,Google Search - Brand,Google Search,30973,2395,2814.59,118,6943.75
2026-04-21,Google Search - NonBrand,Google Search,79996,1604,3849.65,35,5172.25
2026-04-21,Google - Performance Max,Performance Max,154731,2368,3698.38,50,7062.86
2026-04-21,YouTube - Brand Awareness,YouTube,380121,1152,916.28,1,375.75
2026-04-21,YouTube - Prospecting,YouTube,121249,756,789.88,3,653.68
2026-04-21,Meta Ads - Prospecting,Meta,86004,1050,1934.25,25,3095.63
2026-04-21,Meta Ads - Retargeting,Meta,21752,531,555.8,32,1784.78
2026-04-21,Meta - Lookalike 1%,Meta,56654,549,1118.39,10,1437.69
2026-04-21,Bing Search - Brand,Bing,8057,475,417.28,17,986.36
2026-04-21,Bing Search - NonBrand,Bing,16149,246,414.17,3,405.82
2026-04-21,Google Search - Competitors,Google Search,24300,281,1273.4,2,593.27
2026-04-21,Meta Ads - Video Stories,Meta,50021,698,973.11,9,1160.99
2026-04-22,Google Search - Brand,Google Search,28811,2203,2796.22,116,6349.08
2026-04-22,Google Search - NonBrand,Google Search,73055,1406,3180.61,28,4081.32
2026-04-22,Google - Performance Max,Performance Max,141029,2185,3287.62,52,5590.68
2026-04-22,YouTube - Brand Awareness,YouTube,348236,1074,872.85,0,360.12
2026-04-22,YouTube - Prospecting,YouTube,113151,663,717.67,3,608.5
2026-04-22,Meta Ads - Prospecting,Meta,97141,1210,2090.25,30,3585.63
2026-04-22,Meta Ads - Retargeting,Meta,23691,589,555.54,37,1618.22
2026-04-22,Meta - Lookalike 1%,Meta,60965,606,1293.85,10,1450.3
2026-04-22,Bing Search - Brand,Bing,6803,412,366.97,17,829.79
2026-04-22,Bing Search - NonBrand,Bing,16128,248,410.14,3,394.52
2026-04-22,Google Search - Competitors,Google Search,25576,304,1491.08,2,780.64
2026-04-22,Meta Ads - Video Stories,Meta,53321,809,1218.29,11,1297.29
2026-04-23,Google Search - Brand,Google Search,29542,2417,2717.46,110,6546.0
2026-04-23,Google Search - NonBrand,Google Search,71941,1415,3344.79,30,4677.54
2026-04-23,Google - Performance Max,Performance Max,148739,2222,3509.01,51,6015.57
2026-04-23,YouTube - Brand Awareness,YouTube,356323,1042,871.45,1,317.28
2026-04-23,YouTube - Prospecting,YouTube,118111,718,768.45,3,662.75
2026-04-23,Meta Ads - Prospecting,Meta,82234,1020,1731.1,23,2587.02
2026-04-23,Meta Ads - Retargeting,Meta,20423,515,524.2,28,1518.93
2026-04-23,Meta - Lookalike 1%,Meta,65002,649,1232.2,11,1525.8
2026-04-23,Bing Search - Brand,Bing,6744,416,349.34,18,807.38
2026-04-23,Bing Search - NonBrand,Bing,16162,253,490.15,3,535.41
2026-04-23,Google Search - Competitors,Google Search,26893,315,1280.62,2,634.14
2026-04-23,Meta Ads - Video Stories,Meta,47289,697,969.62,10,1142.52
2026-04-24,Google Search - Brand,Google Search,28056,2308,2868.44,116,7116.67
2026-04-24,Google Search - NonBrand,Google Search,73116,1416,3720.82,30,4702.1
2026-04-24,Google - Performance Max,Performance Max,142215,2118,3297.28,7,5620.0
2026-04-24,YouTube - Brand Awareness,YouTube,374490,1068,922.82,0,377.04
2026-04-24,YouTube - Prospecting,YouTube,124580,753,755.53,3,626.95
2026-04-24,Meta Ads - Prospecting,Meta,89829,1131,1871.7,29,2891.71
2026-04-24,Meta Ads - Retargeting,Meta,24480,640,689.6,40,2417.68
2026-04-24,Meta - Lookalike 1%,Meta,57693,548,1093.3,10,1274.0
2026-04-24,Bing Search - Brand,Bing,7024,410,358.08,17,732.22
2026-04-24,Bing Search - NonBrand,Bing,19034,278,478.21,4,482.05
2026-04-24,Google Search - Competitors,Google Search,25798,310,1339.85,2,621.86
2026-04-24,Meta Ads - Video Stories,Meta,52310,736,967.27,11,1093.33
2026-04-25,Google Search - Brand,Google Search,19517,1492,1901.76,78,4598.42
2026-04-25,Google Search - NonBrand,Google Search,53759,1029,2560.37,20,3489.78
2026-04-25,Google - Performance Max,Performance Max,94921,1380,2230.77,31,4280.56
2026-04-25,YouTube - Brand Awareness,YouTube,239343,716,518.09,0,227.88
2026-04-25,YouTube - Prospecting,YouTube,87103,539,538.14,2,393.18
2026-04-25,Meta Ads - Prospecting,Meta,61732,714,1340.72,16,2012.63
2026-04-25,Meta Ads - Retargeting,Meta,15528,373,402.9,20,1203.52
2026-04-25,Meta - Lookalike 1%,Meta,40628,399,724.52,6,835.85
2026-04-25,Bing Search - Brand,Bing,4833,277,233.25,11,486.18
2026-04-25,Bing Search - NonBrand,Bing,11218,163,288.87,2,294.96
2026-04-25,Google Search - Competitors,Google Search,19089,219,1021.23,1,463.9
2026-04-25,Meta Ads - Video Stories,Meta,34454,488,642.72,8,685.91
2026-04-26,Google Search - Brand,Google Search,19987,1667,1944.61,80,5325.35
2026-04-26,Google Search - NonBrand,Google Search,45936,874,2349.46,16,3127.78
2026-04-26,Google - Performance Max,Performance Max,108802,1626,2201.58,38,3996.59
2026-04-26,YouTube - Brand Awareness,YouTube,240976,700,613.93,0,269.53
2026-04-26,YouTube - Prospecting,YouTube,87195,548,631.62,2,459.28
2026-04-26,Meta Ads - Prospecting,Meta,54735,656,1289.15,15,2003.84
2026-04-26,Meta Ads - Retargeting,Meta,15809,377,343.54,22,1031.52
2026-04-26,Meta - Lookalike 1%,Meta,41134,430,802.96,7,1013.29
2026-04-26,Bing Search - Brand,Bing,5235,306,286.97,12,595.58
2026-04-26,Bing Search - NonBrand,Bing,13093,200,394.7,2,388.58
2026-04-26,Google Search - Competitors,Google Search,19468,225,969.5,1,468.68
2026-04-26,Meta Ads - Video Stories,Meta,38500,575,817.05,8,810.19
2026-04-27,Google Search - Brand,Google Search,31919,2527,2739.17,127,7057.51
2026-04-27,Google Search - NonBrand,Google Search,75396,1519,4016.1,32,4736.31
2026-04-27,Google - Performance Max,Performance Max,137331,2125,3485.32,44,6548.46
2026-04-27,YouTube - Brand Awareness,YouTube,367935,1069,862.73,1,374.63
2026-04-27,YouTube - Prospecting,YouTube,130845,759,796.91,3,602.02
2026-04-27,Meta Ads - Prospecting,Meta,84579,1018,1850.47,24,3194.68
2026-04-27,Meta Ads - Retargeting,Meta,22126,567,574.54,35,1990.66
2026-04-27,Meta - Lookalike 1%,Meta,66354,656,1411.4,11,1624.85
2026-04-27,Bing Search - Brand,Bing,7384,442,427.35,17,995.27
2026-04-27,Bing Search - NonBrand,Bing,17082,247,434.36,3,448.41
2026-04-27,Google Search - Competitors,Google Search,27908,329,1501.21,2,689.85
2026-04-27,Meta Ads - Video Stories,Meta,48925,686,1020.56,9,1205.13
2026-04-28,Google Search - Brand,Google Search,28799,2235,2882.98,109,6613.43
2026-04-28,Google Search - NonBrand,Google Search,72586,1494,3701.8,29,4584.58
2026-04-28,Google - Performance Max,Performance Max,162108,2458,3678.96,56,7076.64
2026-04-28,YouTube - Brand Awareness,YouTube,376934,1142,834.49,1,307.54
2026-04-28,YouTube - Prospecting,YouTube,133086,785,828.11,4,682.29
2026-04-28,Meta Ads - Prospecting,Meta,94465,1153,2077.7,27,3213.56
2026-04-28,Meta Ads - Retargeting,Meta,21140,506,496.43,27,1628.74
2026-04-28,Meta - Lookalike 1%,Meta,66599,668,1315.9,11,1666.93
2026-04-28,Bing Search - Brand,Bing,7434,450,433.96,19,997.48
2026-04-28,Bing Search - NonBrand,Bing,19555,304,556.06,4,610.06
2026-04-28,Google Search - Competitors,Google Search,27883,349,1674.97,2,853.36
2026-04-28,Meta Ads - Video Stories,Meta,54591,757,1079.33,10,1103.93
2026-04-29,Google Search - Brand,Google Search,33535,2636,3170.48,133,7718.79
2026-04-29,Google Search - NonBrand,Google Search,74348,1541,3615.92,28,4921.03
2026-04-29,Google - Performance Max,Performance Max,168153,2479,3707.64,56,6925.96
2026-04-29,YouTube - Brand Awareness,YouTube,405125,1177,933.0,1,383.29
2026-04-29,YouTube - Prospecting,YouTube,110555,695,731.23,3,533.73
2026-04-29,Meta Ads - Prospecting,Meta,91292,1131,1894.82,29,2882.8
2026-04-29,Meta Ads - Retargeting,Meta,22426,578,565.34,34,1815.49
2026-04-29,Meta - Lookalike 1%,Meta,57700,575,1256.05,9,1384.65
2026-04-29,Bing Search - Brand,Bing,8014,469,394.85,17,923.64
2026-04-29,Bing Search - NonBrand,Bing,16897,250,433.51,3,460.71
2026-04-29,Google Search - Competitors,Google Search,26214,323,1395.72,2,727.86
2026-04-29,Meta Ads - Video Stories,Meta,49219,685,894.19,10,1009.1
2026-04-30,Google Search - Brand,Google Search,30758,2343,2918.39,116,6803.76
2026-04-30,Google Search - NonBrand,Google Search,73477,1512,3777.91,29,5050.36
2026-04-30,Google - Performance Max,Performance Max,151428,2300,3733.09,50,6317.34
2026-04-30,YouTube - Brand Awareness,YouTube,385588,1207,1004.24,1,419.24
2026-04-30,YouTube - Prospecting,YouTube,124771,735,746.66,4,554.39
2026-04-30,Meta Ads - Prospecting,Meta,93615,1101,1920.75,28,3121.1
2026-04-30,Meta Ads - Retargeting,Meta,23482,576,631.58,31,2114.67
2026-04-30,Meta - Lookalike 1%,Meta,57560,594,1195.22,10,1528.88
2026-04-30,Bing Search - Brand,Bing,7182,419,359.37,16,794.36
2026-04-30,Bing Search - NonBrand,Bing,17064,255,434.29,3,412.63
2026-04-30,Google Search - Competitors,Google Search,30467,354,1670.32,2,773.63
2026-04-30,Meta Ads - Video Stories,Meta,55518,807,1209.2,13,1247.2
2026-05-01,Google Search - Brand,Google Search,31584,2501,2864.8,132,7240.41
2026-05-01,Google Search - NonBrand,Google Search,74944,1505,3763.58,29,4834.21
2026-05-01,Google - Performance Max,Performance Max,143774,2173,3327.86,48,6088.33
2026-05-01,YouTube - Brand Awareness,YouTube,416533,1208,1034.32,1,390.31
2026-05-01,YouTube - Prospecting,YouTube,123603,775,892.04,4,756.2
2026-05-01,Meta Ads - Prospecting,Meta,101800,1179,2225.96,30,3782.29
2026-05-01,Meta Ads - Retargeting,Meta,25346,640,698.75,37,2374.31
2026-05-01,Meta - Lookalike 1%,Meta,62912,653,1392.17,11,1531.67
2026-05-01,Bing Search - Brand,Bing,7514,469,384.94,18,768.42
2026-05-01,Bing Search - NonBrand,Bing,17061,251,414.32,4,408.23
2026-05-01,Google Search - Competitors,Google Search,26204,309,1324.65,2,692.68
2026-05-01,Meta Ads - Video Stories,Meta,56819,776,1038.1,11,1065.89
2026-05-02,Google Search - Brand,Google Search,18979,1587,1866.71,78,4667.79
2026-05-02,Google Search - NonBrand,Google Search,53904,1054,2772.73,21,3764.21
2026-05-02,Google - Performance Max,Performance Max,104512,1610,2427.1,33,4042.77
2026-05-02,YouTube - Brand Awareness,YouTube,259822,789,689.52,0,260.99
2026-05-02,YouTube - Prospecting,YouTube,81092,482,481.74,2,350.57
2026-05-02,Meta Ads - Prospecting,Meta,64844,764,1295.9,19,1889.61
2026-05-02,Meta Ads - Retargeting,Meta,15623,402,386.01,26,1251.22
2026-05-02,Meta - Lookalike 1%,Meta,43768,437,922.19,8,1101.87
2026-05-02,Bing Search - Brand,Bing,4702,281,269.1,10,583.35
2026-05-02,Bing Search - NonBrand,Bing,11277,171,292.05,2,268.54
2026-05-02,Google Search - Competitors,Google Search,19788,246,1053.12,1,522.43
2026-05-02,Meta Ads - Video Stories,Meta,36913,488,662.22,6,791.96
2026-05-03,Google Search - Brand,Google Search,22099,1693,1850.97,89,4891.71
2026-05-03,Google Search - NonBrand,Google Search,52516,1024,2641.22,22,3621.67
2026-05-03,Google - Performance Max,Performance Max,113599,1789,2871.56,38,5069.49
2026-05-03,YouTube - Brand Awareness,YouTube,241567,718,543.64,0,217.26
2026-05-03,YouTube - Prospecting,YouTube,80511,471,561.51,2,439.25
2026-05-03,Meta Ads - Prospecting,Meta,60203,702,1140.19,16,1888.82
2026-05-03,Meta Ads - Retargeting,Meta,14673,360,333.58,21,1037.42
2026-05-03,Meta - Lookalike 1%,Meta,39552,402,749.97,7,912.01
2026-05-03,Bing Search - Brand,Bing,4970,306,302.59,12,706.27
2026-05-03,Bing Search - NonBrand,Bing,12106,190,325.58,2,303.21
2026-05-03,Google Search - Competitors,Google Search,18589,223,1065.9,1,555.26
2026-05-03,Meta Ads - Video Stories,Meta,34725,476,675.15,6,679.73
2026-05-04,Google Search - Brand,Google Search,32386,2591,3419.72,124,8110.33
2026-05-04,Google Search - NonBrand,Google Search,83038,1654,4358.93,33,5252.0
2026-05-04,Google - Performance Max,Performance Max,145870,2274,3189.06,48,6075.92
2026-05-04,YouTube - Brand Awareness,YouTube,372387,1119,915.86,1,345.98
2026-05-04,YouTube - Prospecting,YouTube,114042,651,721.14,3,568.01
2026-05-04,Meta Ads - Prospecting,Meta,85345,1060,1728.11,25,2986.12
2026-05-04,Meta Ads - Retargeting,Meta,22061,538,557.38,34,1611.84
2026-05-04,Meta - Lookalike 1%,Meta,68316,698,1468.78,13,1666.12
2026-05-04,Bing Search - Brand,Bing,8055,491,430.71,20,872.14
2026-05-04,Bing Search - NonBrand,Bing,18322,283,538.34,3,583.49
2026-05-04,Google Search - Competitors,Google Search,27157,321,1356.96,2,684.62
2026-05-04,Meta Ads - Video Stories,Meta,49656,703,896.15,11,1081.44
2026-05-05,Google Search - Brand,Google Search,29831,2359,3102.12,127,7988.45
2026-05-05,Google Search - NonBrand,Google Search,81051,1696,4480.15,33,5958.95
2026-05-05,Google - Performance Max,Performance Max,149191,2332,3283.11,46,5670.63
2026-05-05,YouTube - Brand Awareness,YouTube,354246,1106,962.0,1,397.57
2026-05-05,YouTube - Prospecting,YouTube,136892,828,938.34,4,688.84
2026-05-05,Meta Ads - Prospecting,Meta,94938,1158,2188.96,31,3177.98
2026-05-05,Meta Ads - Retargeting,Meta,21840,530,486.59,34,1421.22
2026-05-05,Meta - Lookalike 1%,Meta,64689,666,1245.01,13,1385.54
2026-05-05,Bing Search - Brand,Bing,7166,410,388.14,16,785.45
2026-05-05,Bing Search - NonBrand,Bing,19146,274,459.78,4,427.67
2026-05-05,Google Search - Competitors,Google Search,29352,337,1419.31,2,701.36
2026-05-05,Meta Ads - Video Stories,Meta,56134,795,1111.38,12,1298.43
2026-05-06,Google Search - Brand,Google Search,30493,2498,2878.18,134,6525.64
2026-05-06,Google Search - NonBrand,Google Search,83104,1650,3787.7,29,4640.19
2026-05-06,Google - Performance Max,Performance Max,153918,2222,3347.89,49,6006.21
2026-05-06,YouTube - Brand Awareness,YouTube,400645,1202,1025.17,1,397.98
2026-05-06,YouTube - Prospecting,YouTube,116396,670,750.06,3,637.99
2026-05-06,Meta Ads - Prospecting,Meta,98528,1175,2062.43,31,3615.84
2026-05-06,Meta Ads - Retargeting,Meta,23284,556,564.63,34,1690.04
2026-05-06,Meta - Lookalike 1%,Meta,58986,565,1140.29,11,1342.61
2026-05-06,Bing Search - Brand,Bing,8340,509,493.17,18,1170.14
2026-05-06,Bing Search - NonBrand,Bing,17728,258,433.95,3,464.26
2026-05-06,Google Search - Competitors,Google Search,30271,356,1671.62,3,838.67
2026-05-06,Meta Ads - Video Stories,Meta,60017,832,1240.43,12,1234.41
2026-05-07,Google Search - Brand,Google Search,29315,2253,2744.27,105,7541.68
2026-05-07,Google Search - NonBrand,Google Search,76609,1552,4084.09,33,5714.63
2026-05-07,Google - Performance Max,Performance Max,159443,2510,3940.57,50,6919.88
2026-05-07,YouTube - Brand Awareness,YouTube,393494,1175,949.33,1,410.78
2026-05-07,YouTube - Prospecting,YouTube,137874,808,829.18,3,644.04
2026-05-07,Meta Ads - Prospecting,Meta,89139,1087,2083.98,26,3148.97
2026-05-07,Meta Ads - Retargeting,Meta,23287,565,520.98,37,1677.99
2026-05-07,Meta - Lookalike 1%,Meta,65419,649,1202.82,12,1486.61
2026-05-07,Bing Search - Brand,Bing,8640,512,505.7,18,1070.54
2026-05-07,Bing Search - NonBrand,Bing,18413,272,443.62,4,411.06
2026-05-07,Google Search - Competitors,Google Search,27378,332,1400.78,2,729.71
2026-05-07,Meta Ads - Video Stories,Meta,58502,790,1144.47,10,1363.91
2026-05-08,Google Search - Brand,Google Search,32317,2487,2846.77,125,6779.28
2026-05-08,Google Search - NonBrand,Google Search,84562,1698,4097.21,31,5358.83
2026-05-08,Google - Performance Max,Performance Max,160567,2468,3683.04,52,6657.23
2026-05-08,YouTube - Brand Awareness,YouTube,360004,1078,783.57,1,311.9
2026-05-08,YouTube - Prospecting,YouTube,137344,835,951.4,3,688.44
2026-05-08,Meta Ads - Prospecting,Meta,89209,1108,2026.14,29,3325.53
2026-05-08,Meta Ads - Retargeting,Meta,21580,551,546.58,34,1708.47
2026-05-08,Meta - Lookalike 1%,Meta,68214,711,1355.65,12,1528.63
2026-05-08,Bing Search - Brand,Bing,8621,537,487.12,19,1012.71
2026-05-08,Bing Search - NonBrand,Bing,19565,284,558.18,4,520.98
2026-05-08,Google Search - Competitors,Google Search,28317,326,1455.11,2,712.64
2026-05-08,Meta Ads - Video Stories,Meta,58659,804,1155.42,11,1153.57
2026-05-09,Google Search - Brand,Google Search,21941,2113,7133.53,105,17749.21
2026-05-09,Google Search - NonBrand,Google Search,53224,1106,2707.38,23,3183.92
2026-05-09,Google - Performance Max,Performance Max,104599,1547,2527.82,34,4849.17
2026-05-09,YouTube - Brand Awareness,YouTube,292422,914,745.52,0,296.74
2026-05-09,YouTube - Prospecting,YouTube,84275,482,505.01,2,375.43
2026-05-09,Meta Ads - Prospecting,Meta,64947,808,1514.47,20,2572.17
2026-05-09,Meta Ads - Retargeting,Meta,14906,363,375.66,23,1265.49
2026-05-09,Meta - Lookalike 1%,Meta,40623,403,811.27,7,1046.68
2026-05-09,Bing Search - Brand,Bing,5480,317,292.52,13,630.31
2026-05-09,Bing Search - NonBrand,Bing,13964,205,399.95,2,375.45
2026-05-09,Google Search - Competitors,Google Search,21112,263,1281.45,2,673.75
2026-05-09,Meta Ads - Video Stories,Meta,41010,539,714.08,8,817.81
2026-05-10,Google Search - Brand,Google Search,22130,1753,2270.65,94,5155.21
2026-05-10,Google Search - NonBrand,Google Search,54714,1094,2771.98,20,3924.73
2026-05-10,Google - Performance Max,Performance Max,115973,1763,2533.56,35,4547.92
2026-05-10,YouTube - Brand Awareness,YouTube,248825,709,587.15,0,224.39
2026-05-10,YouTube - Prospecting,YouTube,91422,560,612.98,2,508.59
2026-05-10,Meta Ads - Prospecting,Meta,60968,740,1245.18,16,2177.3
2026-05-10,Meta Ads - Retargeting,Meta,15535,407,405.02,22,1213.83
2026-05-10,Meta - Lookalike 1%,Meta,45588,462,920.99,7,1075.99
2026-05-10,Bing Search - Brand,Bing,5789,348,325.92,12,750.86
2026-05-10,Bing Search - NonBrand,Bing,12352,194,327.99,3,329.99
2026-05-10,Google Search - Competitors,Google Search,20112,244,1152.04,2,569.71
2026-05-10,Meta Ads - Video Stories,Meta,34526,448,619.58,6,644.24
2026-05-11,Google Search - Brand,Google Search,30645,2331,2522.49,124,6356.27
2026-05-11,Google Search - NonBrand,Google Search,73273,1435,3772.85,28,4929.82
2026-05-11,Google - Performance Max,Performance Max,159858,2353,3452.24,54,5663.57
2026-05-11,YouTube - Brand Awareness,YouTube,366088,1149,988.16,1,380.17
2026-05-11,YouTube - Prospecting,YouTube,120496,725,799.58,3,625.1
2026-05-11,Meta Ads - Prospecting,Meta,96858,1204,2010.49,32,3173.11
2026-05-11,Meta Ads - Retargeting,Meta,25671,616,620.52,39,1824.52
2026-05-11,Meta - Lookalike 1%,Meta,65089,666,1402.06,10,1542.9
2026-05-11,Bing Search - Brand,Bing,8220,486,440.17,20,911.2
2026-05-11,Bing Search - NonBrand,Bing,17846,275,518.0,4,561.65
2026-05-11,Google Search - Competitors,Google Search,29436,367,1811.39,2,951.63
2026-05-11,Meta Ads - Video Stories,Meta,54044,669,970.48,11,1137.64
2026-05-12,Google Search - Brand,Google Search,33155,2694,3274.44,132,7980.02
2026-05-12,Google Search - NonBrand,Google Search,88475,1691,4323.87,34,5682.93
2026-05-12,Google - Performance Max,Performance Max,173701,2699,4424.4,61,7753.17
2026-05-12,YouTube - Brand Awareness,YouTube,387729,1118,862.32,1,331.19
2026-05-12,YouTube - Prospecting,YouTube,139192,830,864.59,4,728.74
2026-05-12,Meta Ads - Prospecting,Meta,87899,1019,1903.71,23,2822.39
2026-05-12,Meta Ads - Retargeting,Meta,23528,608,558.0,39,1747.02
2026-05-12,Meta - Lookalike 1%,Meta,60690,595,1177.47,10,1290.96
2026-05-12,Bing Search - Brand,Bing,8811,504,476.76,19,962.93
2026-05-12,Bing Search - NonBrand,Bing,18448,274,522.09,3,544.23
2026-05-12,Google Search - Competitors,Google Search,28963,343,1439.68,3,768.25
2026-05-12,Meta Ads - Video Stories,Meta,58449,773,1162.74,11,1312.26
2026-05-13,Google Search - Brand,Google Search,31705,2635,2946.46,144,7344.31
2026-05-13,Google Search - NonBrand,Google Search,73837,1471,4022.3,30,4878.94
2026-05-13,Google - Performance Max,Performance Max,173106,2616,3702.86,57,6852.97
2026-05-13,YouTube - Brand Awareness,YouTube,378140,1171,1025.88,1,377.22
2026-05-13,YouTube - Prospecting,YouTube,117836,712,844.01,3,632.34
2026-05-13,Meta Ads - Prospecting,Meta,100636,1178,1993.31,28,3449.98
2026-05-13,Meta Ads - Retargeting,Meta,22510,581,594.47,37,2041.51
2026-05-13,Meta - Lookalike 1%,Meta,65911,646,1348.95,11,1636.02
2026-05-13,Bing Search - Brand,Bing,8019,499,482.13,21,1087.88
2026-05-13,Bing Search - NonBrand,Bing,20960,321,539.28,4,556.07
2026-05-13,Google Search - Competitors,Google Search,29297,365,1584.06,2,843.41
2026-05-13,Meta Ads - Video Stories,Meta,53247,670,889.47,9,1060.47
2026-05-14,Google Search - Brand,Google Search,35174,2720,3102.86,146,7661.44
2026-05-14,Google Search - NonBrand,Google Search,76108,1594,4073.29,31,5611.3
2026-05-14,Google - Performance Max,Performance Max,167415,2405,3636.1,52,6203.58
2026-05-14,YouTube - Brand Awareness,YouTube,440639,1296,1057.88,1,381.0
2026-05-14,YouTube - Prospecting,YouTube,139963,873,1003.38,4,769.22
2026-05-14,Meta Ads - Prospecting,Meta,101191,1180,2067.51,27,3136.41
2026-05-14,Meta Ads - Retargeting,Meta,24875,645,626.82,38,1988.67
2026-05-14,Meta - Lookalike 1%,Meta,59451,598,1265.25,10,1383.62
2026-05-14,Bing Search - Brand,Bing,7448,448,422.73,18,857.26
2026-05-14,Bing Search - NonBrand,Bing,21452,316,616.13,4,668.59
2026-05-14,Google Search - Competitors,Google Search,28052,335,1498.5,2,790.99
2026-05-14,Meta Ads - Video Stories,Meta,60565,803,1205.06,13,1333.47
2026-05-15,Google Search - Brand,Google Search,32420,2693,2990.31,131,6884.45
2026-05-15,Google Search - NonBrand,Google Search,81502,1622,4303.31,35,6129.92
2026-05-15,Google - Performance Max,Performance Max,163584,2350,3489.14,50,6594.15
2026-05-15,YouTube - Brand Awareness,YouTube,414897,1199,913.32,1,397.44
2026-05-15,YouTube - Prospecting,YouTube,118772,682,718.69,3,575.48
2026-05-15,Meta Ads - Prospecting,Meta,88694,1101,1812.29,26,2675.4
2026-05-15,Meta Ads - Retargeting,Meta,27047,669,603.26,42,1977.04
2026-05-15,Meta - Lookalike 1%,Meta,70338,735,1494.5,13,1639.12
2026-05-15,Bing Search - Brand,Bing,8219,513,466.76,19,1090.39
2026-05-15,Bing Search - NonBrand,Bing,19562,287,531.95,4,572.21
2026-05-15,Google Search - Competitors,Google Search,32465,386,1720.6,3,844.48
2026-05-15,Meta Ads - Video Stories,Meta,60236,756,1119.98,12,1213.51
2026-05-16,Google Search - Brand,Google Search,19819,1533,1811.86,80,4943.54
2026-05-16,Google Search - NonBrand,Google Search,55210,1077,2526.65,19,3299.59
2026-05-16,Google - Performance Max,Performance Max,98898,1476,2139.39,34,4171.3
2026-05-16,YouTube - Brand Awareness,YouTube,253606,734,645.89,0,259.9
2026-05-16,YouTube - Prospecting,YouTube,84758,501,535.95,2,413.04
2026-05-16,Meta Ads - Prospecting,Meta,70641,846,1371.81,20,1998.93
2026-05-16,Meta Ads - Retargeting,Meta,16893,436,468.16,27,1363.0
2026-05-16,Meta - Lookalike 1%,Meta,40262,411,861.49,7,1015.52
2026-05-16,Bing Search - Brand,Bing,5023,295,267.96,11,628.35
2026-05-16,Bing Search - NonBrand,Bing,12126,184,311.56,2,328.68
2026-05-16,Google Search - Competitors,Google Search,20564,246,1043.34,1,477.75
2026-05-16,Meta Ads - Video Stories,Meta,41287,509,665.85,7,708.82
2026-05-17,Google Search - Brand,Google Search,22892,1898,2108.67,100,5792.67
2026-05-17,Google Search - NonBrand,Google Search,59141,1134,2792.67,20,3449.88
2026-05-17,Google - Performance Max,Performance Max,106961,1559,2370.14,35,4109.29
2026-05-17,YouTube - Brand Awareness,YouTube,263267,754,611.89,0,229.01
2026-05-17,YouTube - Prospecting,YouTube,90694,546,541.29,2,443.69
2026-05-17,Meta Ads - Prospecting,Meta,64247,773,1304.5,18,2125.95
2026-05-17,Meta Ads - Retargeting,Meta,15272,395,381.77,23,1302.2
2026-05-17,Meta - Lookalike 1%,Meta,47411,493,887.76,8,1123.28
2026-05-17,Bing Search - Brand,Bing,5417,326,289.41,12,574.25
2026-05-17,Bing Search - NonBrand,Bing,14123,209,361.82,3,370.38
2026-05-17,Google Search - Competitors,Google Search,21634,255,1116.12,1,544.02
2026-05-17,Meta Ads - Video Stories,Meta,37156,460,688.64,6,709.41
2026-05-18,Google Search - Brand,Google Search,33992,2810,3635.62,131,8892.43
2026-05-18,Google Search - NonBrand,Google Search,80075,1522,3796.65,30,5044.54
2026-05-18,Google - Performance Max,Performance Max,182151,2788,3899.2,63,7372.39
2026-05-18,YouTube - Brand Awareness,YouTube,409343,1196,1002.07,1,394.81
2026-05-18,YouTube - Prospecting,YouTube,144498,874,969.17,4,798.52
2026-05-18,Meta Ads - Prospecting,Meta,102967,1235,2175.78,29,3244.76
2026-05-18,Meta Ads - Retargeting,Meta,24398,585,611.44,35,2059.17
2026-05-18,Meta - Lookalike 1%,Meta,60210,591,1165.31,9,1264.25
2026-05-18,Bing Search - Brand,Bing,7789,458,376.16,18,809.45
2026-05-18,Bing Search - NonBrand,Bing,18124,281,463.41,4,505.14
2026-05-18,Google Search - Competitors,Google Search,29253,363,1576.84,2,859.75
2026-05-18,Meta Ads - Video Stories,Meta,58659,751,1042.58,12,1082.72
2026-05-19,Google Search - Brand,Google Search,31764,2603,3044.89,125,6888.87
2026-05-19,Google Search - NonBrand,Google Search,79167,1561,3725.28,33,4855.88
2026-05-19,Google - Performance Max,Performance Max,180192,2793,4104.82,55,7240.33
2026-05-19,YouTube - Brand Awareness,YouTube,386498,1197,905.15,1,382.67
2026-05-19,YouTube - Prospecting,YouTube,135298,789,869.38,3,688.96
2026-05-19,Meta Ads - Prospecting,Meta,93030,1120,1841.56,27,3145.97
2026-05-19,Meta Ads - Retargeting,Meta,26521,674,658.07,41,2153.88
2026-05-19,Meta - Lookalike 1%,Meta,65205,652,1368.15,11,1586.55
2026-05-19,Bing Search - Brand,Bing,8425,506,480.99,18,1055.98
2026-05-19,Bing Search - NonBrand,Bing,21515,325,602.25,4,634.94
2026-05-19,Google Search - Competitors,Google Search,30367,367,1779.87,2,832.97
2026-05-19,Meta Ads - Video Stories,Meta,63953,781,1018.42,11,1141.77
2026-05-20,Google Search - Brand,Google Search,34279,2862,3773.86,150,9870.06
2026-05-20,Google Search - NonBrand,Google Search,81929,1652,3858.12,32,4941.05
2026-05-20,Google - Performance Max,Performance Max,158255,2395,3686.68,53,6091.7
2026-05-20,YouTube - Brand Awareness,YouTube,409588,1214,1022.22,1,438.26
2026-05-20,YouTube - Prospecting,YouTube,123123,770,836.01,4,660.74
2026-05-20,Meta Ads - Prospecting,Meta,100947,1161,2136.45,31,3479.93
2026-05-20,Meta Ads - Retargeting,Meta,25337,662,671.14,40,1970.51
2026-05-20,Meta - Lookalike 1%,Meta,73035,732,1506.61,12,1706.13
2026-05-20,Bing Search - Brand,Bing,7930,473,400.81,17,943.78
2026-05-20,Bing Search - NonBrand,Bing,21400,316,555.38,4,596.15
2026-05-20,Google Search - Competitors,Google Search,31175,366,1540.53,2,700.23
2026-05-20,Meta Ads - Video Stories,Meta,60090,725,1108.2,11,1321.12
2026-05-21,Google Search - Brand,Google Search,36119,2915,3790.05,132,9624.94
2026-05-21,Google Search - NonBrand,Google Search,87419,1727,3944.7,32,4674.23
2026-05-21,Google - Performance Max,Performance Max,167319,2557,4067.28,61,7834.63
2026-05-21,YouTube - Brand Awareness,YouTube,430190,1297,1023.58,1,395.55
2026-05-21,YouTube - Prospecting,YouTube,129002,780,928.54,3,754.93
2026-05-21,Meta Ads - Prospecting,Meta,95457,1132,1964.34,27,2849.75
2026-05-21,Meta Ads - Retargeting,Meta,25838,666,685.78,38,2070.65
2026-05-21,Meta - Lookalike 1%,Meta,61980,594,1114.25,11,1230.73
2026-05-21,Bing Search - Brand,Bing,8590,526,492.24,20,1173.63
2026-05-21,Bing Search - NonBrand,Bing,21390,318,616.75,4,620.88
2026-05-21,Google Search - Competitors,Google Search,28540,357,1762.65,2,829.53
2026-05-21,Meta Ads - Video Stories,Meta,64030,768,983.73,11,1067.56
2026-05-22,Google Search - Brand,Google Search,34894,2795,3109.52,150,7054.68
2026-05-22,Google Search - NonBrand,Google Search,91433,1856,4607.24,37,5839.87
2026-05-22,Google - Performance Max,Performance Max,157047,2360,3383.42,55,5719.45
2026-05-22,YouTube - Brand Awareness,YouTube,382594,1154,920.7,1,384.67
2026-05-22,YouTube - Prospecting,YouTube,141321,836,860.98,3,678.42
2026-05-22,Meta Ads - Prospecting,Meta,104652,1249,2169.87,30,3598.4
2026-05-22,Meta Ads - Retargeting,Meta,26335,645,616.29,40,1791.17
2026-05-22,Meta - Lookalike 1%,Meta,60819,610,1312.63,12,1635.12
2026-05-22,Bing Search - Brand,Bing,8411,505,428.19,18,906.45
2026-05-22,Bing Search - NonBrand,Bing,20741,302,492.91,4,499.82
2026-05-22,Google Search - Competitors,Google Search,31713,397,1866.42,2,887.9
2026-05-22,Meta Ads - Video Stories,Meta,55525,689,1004.05,10,1135.89
2026-05-23,Google Search - Brand,Google Search,22928,1870,2419.02,99,6312.0
2026-05-23,Google Search - NonBrand,Google Search,57129,1164,2628.35,22,3324.9
2026-05-23,Google - Performance Max,Performance Max,118511,1735,2455.09,41,4569.13
2026-05-23,YouTube - Brand Awareness,YouTube,260418,804,686.91,0,258.46
2026-05-23,YouTube - Prospecting,YouTube,86145,537,601.87,2,443.01
2026-05-23,Meta Ads - Prospecting,Meta,68367,787,1328.56,18,1946.74
2026-05-23,Meta Ads - Retargeting,Meta,18237,468,494.32,28,1429.42
2026-05-23,Meta - Lookalike 1%,Meta,40692,411,870.75,7,1010.46
2026-05-23,Bing Search - Brand,Bing,5718,328,284.13,13,571.26
2026-05-23,Bing Search - NonBrand,Bing,14339,216,420.52,3,399.93
2026-05-23,Google Search - Competitors,Google Search,19293,238,1122.68,1,583.38
2026-05-23,Meta Ads - Video Stories,Meta,41169,496,732.81,8,834.73
2026-05-24,Google Search - Brand,Google Search,22366,1843,2029.47,97,4570.62
2026-05-24,Google Search - NonBrand,Google Search,52628,1041,2630.09,20,3621.36
2026-05-24,Google - Performance Max,Performance Max,124639,1836,2493.69,38,4581.63
2026-05-24,YouTube - Brand Awareness,YouTube,263383,812,623.05,0,261.04
2026-05-24,YouTube - Prospecting,YouTube,84359,489,509.04,2,386.08
2026-05-24,Meta Ads - Prospecting,Meta,62390,740,1232.84,19,1917.1
2026-05-24,Meta Ads - Retargeting,Meta,16959,434,433.27,27,1459.51
2026-05-24,Meta - Lookalike 1%,Meta,49503,516,1061.41,9,1180.76
2026-05-24,Bing Search - Brand,Bing,5840,337,318.18,13,706.99
2026-05-24,Bing Search - NonBrand,Bing,12441,186,329.62,2,327.51
2026-05-24,Google Search - Competitors,Google Search,18599,214,890.28,1,483.18
2026-05-24,Meta Ads - Video Stories,Meta,41828,494,692.66,6,837.8
2026-05-25,Google Search - Brand,Google Search,35115,2672,3077.17,122,7171.42
2026-05-25,Google Search - NonBrand,Google Search,92327,1815,4499.44,37,5791.26
2026-05-25,Google - Performance Max,Performance Max,186987,2794,4300.76,55,7229.96
2026-05-25,YouTube - Brand Awareness,YouTube,431723,1309,1119.4,1,478.11
2026-05-25,YouTube - Prospecting,YouTube,140861,812,812.07,3,611.37
2026-05-25,Meta Ads - Prospecting,Meta,106528,1341,2243.15,33,3655.73
2026-05-25,Meta Ads - Retargeting,Meta,24419,627,654.06,35,2222.96
2026-05-25,Meta - Lookalike 1%,Meta,67560,656,1231.86,11,1390.77
2026-05-25,Bing Search - Brand,Bing,9099,536,499.21,22,1160.8
2026-05-25,Bing Search - NonBrand,Bing,21316,313,566.29,5,612.06
2026-05-25,Google Search - Competitors,Google Search,29709,371,1720.45,3,824.16
2026-05-25,Meta Ads - Video Stories,Meta,62937,751,1023.11,11,1172.78
2026-05-26,Google Search - Brand,Google Search,36151,2851,3359.74,143,8773.23
2026-05-26,Google Search - NonBrand,Google Search,92558,1800,4252.45,33,6023.16
2026-05-26,Google - Performance Max,Performance Max,181077,2673,4308.5,55,7456.97
2026-05-26,YouTube - Brand Awareness,YouTube,458160,1314,1091.59,1,393.43
2026-05-26,YouTube - Prospecting,YouTube,148765,860,962.58,4,713.12
2026-05-26,Meta Ads - Prospecting,Meta,97226,1150,2261.71,27,3753.25
2026-05-26,Meta Ads - Retargeting,Meta,25568,623,573.09,37,1900.29
2026-05-26,Meta - Lookalike 1%,Meta,71545,696,1329.95,12,1705.75
2026-05-26,Bing Search - Brand,Bing,8761,534,483.1,21,978.86
2026-05-26,Bing Search - NonBrand,Bing,21089,322,521.71,4,480.13
2026-05-26,Google Search - Competitors,Google Search,32656,381,1813.16,3,979.79
2026-05-26,Meta Ads - Video Stories,Meta,65146,781,1003.04,10,1061.93
2026-05-27,Google Search - Brand,Google Search,33563,2732,3447.29,126,9134.54
2026-05-27,Google Search - NonBrand,Google Search,81336,1621,3687.72,35,4586.25
2026-05-27,Google - Performance Max,Performance Max,172383,2677,4114.16,60,7210.02
2026-05-27,YouTube - Brand Awareness,YouTube,399379,1188,998.78,1,436.72
2026-05-27,YouTube - Prospecting,YouTube,128731,801,896.23,4,671.5
2026-05-27,Meta Ads - Prospecting,Meta,94003,1073,2022.28,25,3269.34
2026-05-27,Meta Ads - Retargeting,Meta,26019,619,581.11,36,1977.23
2026-05-27,Meta - Lookalike 1%,Meta,75165,729,1409.2,13,1776.4
2026-05-27,Bing Search - Brand,Bing,9378,558,468.09,20,1052.19
2026-05-27,Bing Search - NonBrand,Bing,20362,297,524.15,4,527.59
2026-05-27,Google Search - Competitors,Google Search,32577,404,1812.28,3,939.1
2026-05-27,Meta Ads - Video Stories,Meta,62632,719,991.25,10,1112.13
2026-05-28,Google Search - Brand,Google Search,34063,2811,3331.44,132,8866.03
2026-05-28,Google Search - NonBrand,Google Search,92562,1911,4906.64,41,6549.64
2026-05-28,Google - Performance Max,Performance Max,175060,2612,3808.8,54,7442.42
2026-05-28,YouTube - Brand Awareness,YouTube,409557,1273,938.8,1,386.89
2026-05-28,YouTube - Prospecting,YouTube,133446,776,851.17,3,732.98
2026-05-28,Meta Ads - Prospecting,Meta,100136,1235,2396.45,30,3537.17
2026-05-28,Meta Ads - Retargeting,Meta,26589,686,652.38,38,1996.74
2026-05-28,Meta - Lookalike 1%,Meta,67432,680,1300.94,12,1429.53
2026-05-28,Bing Search - Brand,Bing,9153,568,539.73,21,1285.17
2026-05-28,Bing Search - NonBrand,Bing,21280,304,522.46,4,471.53
2026-05-28,Google Search - Competitors,Google Search,29681,355,1756.28,3,921.79
2026-05-28,Meta Ads - Video Stories,Meta,62658,722,1073.21,10,1227.59
2026-05-29,Google Search - Brand,Google Search,32337,2493,3201.78,124,7748.03
2026-05-29,Google Search - NonBrand,Google Search,80132,1576,4308.18,34,5733.97
2026-05-29,Google - Performance Max,Performance Max,157199,2427,3393.75,53,6639.54
2026-05-29,YouTube - Brand Awareness,YouTube,463253,1428,1037.42,1,379.29
2026-05-29,YouTube - Prospecting,YouTube,140788,806,885.23,4,645.65
2026-05-29,Meta Ads - Prospecting,Meta,95085,1101,2058.44,26,3073.38
2026-05-29,Meta Ads - Retargeting,Meta,26943,703,2812.0,42,8592.1
2026-05-29,Meta - Lookalike 1%,Meta,74909,774,1559.52,13,1806.86
2026-05-29,Bing Search - Brand,Bing,8989,521,437.7,18,975.75
2026-05-29,Bing Search - NonBrand,Bing,19435,297,517.96,4,538.49
2026-05-29,Google Search - Competitors,Google Search,33246,396,1865.41,2,920.98
2026-05-29,Meta Ads - Video Stories,Meta,60512,695,939.93,9,936.1
2026-05-30,Google Search - Brand,Google Search,24949,2065,2411.23,97,6031.29
2026-05-30,Google Search - NonBrand,Google Search,58127,1135,2571.88,22,3408.25
2026-05-30,Google - Performance Max,Performance Max,121022,1758,2863.57,39,4837.42
2026-05-30,YouTube - Brand Awareness,YouTube,302209,890,741.31,0,284.9
2026-05-30,YouTube - Prospecting,YouTube,96952,574,607.9,3,530.49
2026-05-30,Meta Ads - Prospecting,Meta,65518,754,1274.38,18,2221.48
2026-05-30,Meta Ads - Retargeting,Meta,17329,444,447.62,24,1413.58
2026-05-30,Meta - Lookalike 1%,Meta,48789,508,958.72,8,1132.43
2026-05-30,Bing Search - Brand,Bing,5530,330,276.08,13,582.21
2026-05-30,Bing Search - NonBrand,Bing,12795,185,316.42,2,339.45
2026-05-30,Google Search - Competitors,Google Search,20418,256,1097.9,1,555.73
2026-05-30,Meta Ads - Video Stories,Meta,40479,444,654.17,6,686.36
2026-05-31,Google Search - Brand,Google Search,22202,1853,2439.21,91,5955.53
2026-05-31,Google Search - NonBrand,Google Search,61820,1191,2866.09,22,3973.53
2026-05-31,Google - Performance Max,Performance Max,119957,1886,3067.53,38,5199.22
2026-05-31,YouTube - Brand Awareness,YouTube,279372,876,708.75,0,300.63
2026-05-31,YouTube - Prospecting,YouTube,98412,592,609.38,2,485.45
2026-05-31,Meta Ads - Prospecting,Meta,64187,753,1270.17,17,2092.19
2026-05-31,Meta Ads - Retargeting,Meta,17937,457,494.22,28,1462.83
2026-05-31,Meta - Lookalike 1%,Meta,49026,507,1040.93,8,1166.65
2026-05-31,Bing Search - Brand,Bing,6009,345,319.86,13,726.4
2026-05-31,Bing Search - NonBrand,Bing,14552,209,409.23,2,381.1
2026-05-31,Google Search - Competitors,Google Search,22925,274,1354.47,2,741.61
2026-05-31,Meta Ads - Video Stories,Meta,36684,435,615.71,6,670.76
2026-06-01,Google Search - Brand,Google Search,38057,3028,3410.55,157,8338.66
2026-06-01,Google Search - NonBrand,Google Search,84799,1707,4350.26,36,5739.22
2026-06-01,Google - Performance Max,Performance Max,183992,2681,3810.77,61,6922.17
2026-06-01,YouTube - Brand Awareness,YouTube,398278,1184,983.59,1,386.08
2026-06-01,YouTube - Prospecting,YouTube,134988,771,801.06,3,694.19
2026-06-01,Meta Ads - Prospecting,Meta,102549,1202,2329.44,32,3816.59
2026-06-01,Meta Ads - Retargeting,Meta,25155,600,566.15,39,1759.98
2026-06-01,Meta - Lookalike 1%,Meta,72700,733,1498.13,13,1782.54
2026-06-01,Bing Search - Brand,Bing,8101,483,406.59,17,895.09
2026-06-01,Bing Search - NonBrand,Bing,23043,330,540.27,4,542.07
2026-06-01,Google Search - Competitors,Google Search,31954,374,1635.06,3,770.02
2026-06-01,Meta Ads - Video Stories,Meta,59992,694,1031.44,9,1169.27
2026-06-02,Google Search - Brand,Google Search,31845,2579,3160.9,120,8193.86
2026-06-02,Google Search - NonBrand,Google Search,81106,1667,3862.47,33,4634.76
2026-06-02,Google - Performance Max,Performance Max,181060,2762,4247.52,63,7132.23
2026-06-02,YouTube - Brand Awareness,YouTube,475257,1490,1310.84,1,547.21
2026-06-02,YouTube - Prospecting,YouTube,146579,853,941.07,4,695.95
2026-06-02,Meta Ads - Prospecting,Meta,97087,1148,2115.44,30,3653.75
2026-06-02,Meta Ads - Retargeting,Meta,25230,661,629.94,41,1878.42
2026-06-02,Meta - Lookalike 1%,Meta,69800,688,1474.76,12,1763.54
2026-06-02,Bing Search - Brand,Bing,9117,522,501.22,21,1080.3
2026-06-02,Bing Search - NonBrand,Bing,22392,336,589.07,4,547.05
2026-06-02,Google Search - Competitors,Google Search,30738,364,1662.33,2,756.03
2026-06-02,Meta Ads - Video Stories,Meta,65050,767,1065.03,12,1061.77
2026-06-03,Google Search - Brand,Google Search,35548,2830,3471.51,133,9195.06
2026-06-03,Google Search - NonBrand,Google Search,95671,1853,4353.68,37,6013.0
2026-06-03,Google - Performance Max,Performance Max,163665,2576,3903.89,61,7536.08
2026-06-03,YouTube - Brand Awareness,YouTube,418685,1216,1037.38,1,383.39
2026-06-03,YouTube - Prospecting,YouTube,131047,754,769.69,3,651.24
2026-06-03,Meta Ads - Prospecting,Meta,103970,1197,2342.35,28,3587.02
2026-06-03,Meta Ads - Retargeting,Meta,28662,741,801.42,40,2699.64
2026-06-03,Meta - Lookalike 1%,Meta,64155,636,1330.05,10,1711.22
2026-06-03,Bing Search - Brand,Bing,9225,536,515.69,19,1144.01
2026-06-03,Bing Search - NonBrand,Bing,22346,340,625.48,5,581.44
2026-06-03,Google Search - Competitors,Google Search,32314,372,1759.9,2,844.31
2026-06-03,Meta Ads - Video Stories,Meta,66274,772,1047.48,10,1215.95
2026-06-04,Google Search - Brand,Google Search,33087,2773,3378.05,132,8311.87
2026-06-04,Google Search - NonBrand,Google Search,94313,1962,4943.1,41,6432.86
2026-06-04,Google - Performance Max,Performance Max,165217,2404,3677.42,48,6828.43
2026-06-04,YouTube - Brand Awareness,YouTube,416581,1220,1005.23,1,418.54
2026-06-04,YouTube - Prospecting,YouTube,129106,787,806.61,3,690.87
2026-06-04,Meta Ads - Prospecting,Meta,101929,1178,2021.5,31,3005.9
2026-06-04,Meta Ads - Retargeting,Meta,28675,709,768.45,46,2369.61
2026-06-04,Meta - Lookalike 1%,Meta,76229,749,1603.45,13,2019.93
2026-06-04,Bing Search - Brand,Bing,9677,551,526.05,21,1065.52
2026-06-04,Bing Search - NonBrand,Bing,20034,298,544.42,4,506.24
2026-06-04,Google Search - Competitors,Google Search,32485,393,1804.51,2,888.15
2026-06-04,Meta Ads - Video Stories,Meta,66540,774,1138.98,12,1204.88
2026-06-05,Google Search - Brand,Google Search,32286,2666,3201.51,134,8032.05
2026-06-05,Google Search - NonBrand,Google Search,84848,1621,3855.1,29,4797.2
2026-06-05,Google - Performance Max,Performance Max,160525,2425,3892.92,54,7259.64
2026-06-05,YouTube - Brand Awareness,YouTube,463539,1408,1143.18,1,432.79
2026-06-05,YouTube - Prospecting,YouTube,133003,825,871.91,4,767.02
2026-06-05,Meta Ads - Prospecting,Meta,104111,1192,2044.32,32,3067.69
2026-06-05,Meta Ads - Retargeting,Meta,28828,754,772.59,47,2551.7
2026-06-05,Meta - Lookalike 1%,Meta,69687,712,1476.94,11,1751.2
2026-06-05,Bing Search - Brand,Bing,8844,508,444.45,21,1062.89
2026-06-05,Bing Search - NonBrand,Bing,19913,309,535.03,4,508.3
2026-06-05,Google Search - Competitors,Google Search,30595,367,1614.86,2,735.24
2026-06-05,Meta Ads - Video Stories,Meta,64136,719,986.7,10,1151.02
2026-06-06,Google Search - Brand,Google Search,22836,1741,2157.6,90,5186.62
2026-06-06,Google Search - NonBrand,Google Search,60111,1144,3059.3,24,4187.15
2026-06-06,Google - Performance Max,Performance Max,115094,1777,2551.78,37,4662.35
2026-06-06,YouTube - Brand Awareness,YouTube,283228,821,695.76,0,281.01
2026-06-06,YouTube - Prospecting,YouTube,101703,636,690.27,3,559.91
2026-06-06,Meta Ads - Prospecting,Meta,72235,895,1673.94,21,2663.1
2026-06-06,Meta Ads - Retargeting,Meta,18916,474,455.19,28,1399.42
2026-06-06,Meta - Lookalike 1%,Meta,45341,470,858.03,8,1004.59
2026-06-06,Bing Search - Brand,Bing,6043,356,313.8,15,719.51
2026-06-06,Bing Search - NonBrand,Bing,13265,196,337.69,2,365.45
2026-06-06,Google Search - Competitors,Google Search,19572,227,1081.33,1,541.56
2026-06-06,Meta Ads - Video Stories,Meta,45580,503,750.07,7,873.69
2026-06-07,Google Search - Brand,Google Search,26285,2206,2868.52,116,7232.73
2026-06-07,Google Search - NonBrand,Google Search,61466,1279,3249.64,24,4633.76
2026-06-07,Google - Performance Max,Performance Max,113176,1648,2461.64,35,4291.51
2026-06-07,YouTube - Brand Awareness,YouTube,270705,778,569.45,0,211.24
2026-06-07,YouTube - Prospecting,YouTube,95403,581,687.05,2,542.92
2026-06-07,Meta Ads - Prospecting,Meta,65801,804,1338.28,19,2244.66
2026-06-07,Meta Ads - Retargeting,Meta,19075,471,511.1,26,1791.2
2026-06-07,Meta - Lookalike 1%,Meta,50495,506,1109.91,9,1278.25
2026-06-07,Bing Search - Brand,Bing,6108,374,343.22,15,698.13
2026-06-07,Bing Search - NonBrand,Bing,15441,236,423.34,3,431.36
2026-06-07,Google Search - Competitors,Google Search,21787,248,1224.95,1,667.65
2026-06-07,Meta Ads - Video Stories,Meta,45734,474,673.88,7,694.48
